Match ID,Player Name,Card Time,Card Type,Card Reason,Period
15946,Daniel Alejandro Torres Rojas,09:15,Yellow Card,Foul Committed,1
15946,Guillermo Alfonso Maripán Loaysa,40:46,Yellow Card,Bad Behaviour,1
15956,Gerard Piqué Bernabéu,59:01,Yellow Card,Foul Committed,2
15956,Enes Ünal,48:43,Yellow Card,Foul Committed,2
15973,Arturo Erasmo Vidal Pardo,87:18,Yellow Card,Foul Committed,2
15973,Luis Carlos Correia Pinto,25:38,Yellow Card,Foul Committed,1
15973,Damián Marcelo Musto,86:08,Yellow Card,Foul Committed,2
15978,Asier Illarramendi Andonegi,42:57,Yellow Card,Foul Committed,1
15978,Samuel Yves Umtiti,86:32,Yellow Card,Bad Behaviour,2
15986,Gerard Piqué Bernabéu,80:38,Yellow Card,Bad Behaviour,2
15986,Nélson Cabral Semedo,11:54,Yellow Card,Foul Committed,1
15986,Clément Lenglet,32:36,Red Card,Foul Committed,1
15986,Arthur Henrique Ramos de Oliveira Melo,13:56,Yellow Card,Foul Committed,1
15986,Cristhian Ricardo Stuani Curbelo,15:05,Yellow Card,Foul Committed,1
15986,Juan Pedro Ramírez López,60:25,Yellow Card,Foul Committed,2
15986,Bernardo José Espinosa Zúñiga,38:07,Yellow Card,Foul Committed,1
15986,Pedro Alcalá Guirado,67:22,Yellow Card,Foul Committed,2
15986,Cristian Portugués Manzanera,68:23,Yellow Card,Bad Behaviour,2
15998,Samuel Yves Umtiti,59:14,Yellow Card,Foul Committed,2
15998,Thomas Vermaelen,63:50,Yellow Card,Foul Committed,2
15998,Allan Romeo Nyom,87:15,Yellow Card,Foul Committed,2
15998,Youssef En-Nesyri,91:16,Yellow Card,Foul Committed,2
15998,Unai Bustinza Martínez,48:02,Yellow Card,Foul Committed,2
15998,Rubén Salvador Pérez Del Mármol,39:31,Yellow Card,Foul Committed,1
16010,Daniel García Carrillo,89:19,Yellow Card,Foul Committed,2
16010,Yeray Álvarez López,47:40,Yellow Card,Foul Committed,2
16010,Peru Nolaskoain Esnal,89:28,Yellow Card,Bad Behaviour,2
16010,Sergio Busquets i Burgos,88:25,Yellow Card,Bad Behaviour,2
16010,Ivan Rakitić,77:11,Yellow Card,Bad Behaviour,2
16010,Lionel Andrés Messi Cuccittini,93:53,Yellow Card,Bad Behaviour,2
16023,Carlos Soler Barragán,42:30,Yellow Card,Foul Committed,1
16023,Daniel Parejo Muñoz,57:04,Yellow Card,Foul Committed,2
16023,Philippe Coutinho Correia,57:20,Yellow Card,Bad Behaviour,2
16023,Luis Alberto Suárez Díaz,40:39,Yellow Card,Bad Behaviour,1
16029,Tomáš Vaclík,61:25,Yellow Card,Foul Committed,2
16056,Sergio Busquets i Burgos,58:59,Yellow Card,Bad Behaviour,2
16056,Ivan Rakitić,43:10,Yellow Card,Foul Committed,1
16056,Ivan Rakitić,80:56,Second Yellow,Foul Committed,2
16056,Arturo Erasmo Vidal Pardo,72:43,Yellow Card,Foul Committed,2
16056,José Andrés Guardado Hernández,23:53,Yellow Card,Foul Committed,1
16056,Aïssa Mandi,68:13,Yellow Card,Foul Committed,2
16056,Cristian Tello Herrera,65:52,Yellow Card,Foul Committed,2
16073,Sergio Busquets i Burgos,28:17,Yellow Card,Foul Committed,1
16073,Samuel Yves Umtiti,70:58,Yellow Card,Bad Behaviour,2
16073,Rafael Alcântara do Nascimento,92:47,Yellow Card,Foul Committed,2
16073,Diego da Silva Costa,70:45,Yellow Card,Bad Behaviour,2
16073,Lucas Hernández Pi,38:22,Yellow Card,Foul Committed,1
16073,Antoine Griezmann,47:46,Yellow Card,Foul Committed,2
16073,Filipe Luís Kasmirski,86:31,Yellow Card,Bad Behaviour,2
16073,Rodrigo Hernández Cascante,85:27,Yellow Card,Foul Committed,2
16079,Jordi Alba Ramos,67:58,Yellow Card,Bad Behaviour,2
16079,Clément Lenglet,17:18,Yellow Card,Foul Committed,1
16079,Alfonso Pedraza Sag,90:12,Yellow Card,Foul Committed,2
16079,Víctor Ruíz Torre,10:35,Yellow Card,Foul Committed,1
16079,Álvaro González Soberón,25:45,Yellow Card,Foul Committed,1
16079,Pablo Fornals Malla,89:23,Yellow Card,Foul Committed,2
16086,Dídac Vilá Rosselló,78:03,Yellow Card,Foul Committed,2
16095,Jordi Alba Ramos,44:34,Yellow Card,Bad Behaviour,1
16095,Ivan Rakitić,35:49,Yellow Card,Foul Committed,1
16095,Ousmane Dembélé,17:14,Yellow Card,Foul Committed,1
16095,David Remeseiro Salgueiro,58:48,Yellow Card,Bad Behaviour,2
16095,Roberto Suárez Pier,24:07,Yellow Card,Foul Committed,1
16095,Erick Cathriel Cabaco Almada,75:31,Red Card,Foul Committed,2
16109,Iago Aspas Juncal,44:56,Yellow Card,Bad Behaviour,1
16120,Jordi Alba Ramos,13:03,Yellow Card,Foul Committed,1
16120,Arturo Erasmo Vidal Pardo,64:01,Yellow Card,Foul Committed,2
16120,Arthur Henrique Ramos de Oliveira Melo,11:36,Yellow Card,Foul Committed,1
16120,Dimitri Foulquier,14:30,Yellow Card,Bad Behaviour,1
16120,Damián Nicolás Suárez Suárez,60:45,Yellow Card,Foul Committed,2
16120,Leandro Daniel Cabrera Sasía,68:06,Yellow Card,Foul Committed,2
16120,Nemanja Maksimović,76:26,Yellow Card,Foul Committed,2
16131,Gerard Piqué Bernabéu,69:25,Yellow Card,Foul Committed,2
16131,Luis Alberto Suárez Díaz,43:48,Yellow Card,Bad Behaviour,1
16131,Sergio Enrich Ametller,41:37,Yellow Card,Bad Behaviour,1
16136,Sergio Busquets i Burgos,11:00,Yellow Card,Foul Committed,1
16136,Sergi Roberto Carnicer,59:49,Yellow Card,Foul Committed,2
16136,Carles Aleña Castillo,52:48,Yellow Card,Foul Committed,2
16136,Martin Braithwaite Christensen,07:09,Yellow Card,Foul Committed,1
16136,Kenneth Josiah Omeruo,29:16,Yellow Card,Foul Committed,1
16136,Rodrigo Tarín Higón,21:52,Yellow Card,Foul Committed,1
16149,Sergio Busquets i Burgos,42:54,Yellow Card,Foul Committed,1
16149,Clément Lenglet,30:09,Yellow Card,Foul Committed,1
16149,Arturo Erasmo Vidal Pardo,36:38,Yellow Card,Foul Committed,1
16149,Cristhian Ricardo Stuani Curbelo,88:33,Yellow Card,Bad Behaviour,2
16149,Juan Pedro Ramírez López,67:54,Yellow Card,Foul Committed,2
16149,Bernardo José Espinosa Zúñiga,28:34,Yellow Card,Foul Committed,1
16149,Bernardo José Espinosa Zúñiga,50:28,Second Yellow,Foul Committed,2
16149,Yassine Bounou,51:07,Yellow Card,Bad Behaviour,2
16157,Jordi Alba Ramos,90:23,Yellow Card,Bad Behaviour,2
16157,Ivan Rakitić,46:01,Yellow Card,Foul Committed,1
16157,Sergi Roberto Carnicer,30:21,Yellow Card,Foul Committed,1
16173,Óscar de Marcos Arana,67:55,Yellow Card,Foul Committed,2
16173,Óscar de Marcos Arana,90:33,Second Yellow,Foul Committed,2
16173,Daniel García Carrillo,51:39,Yellow Card,Foul Committed,2
16173,Yeray Álvarez López,90:41,Yellow Card,Bad Behaviour,2
16173,Sergio Busquets i Burgos,77:23,Yellow Card,Foul Committed,2
16173,Clément Lenglet,71:17,Yellow Card,Foul Committed,2
16182,Lionel Andrés Messi Cuccittini,66:19,Yellow Card,Bad Behaviour,2
16182,Enes Ünal,10:14,Yellow Card,Foul Committed,1
16182,Miguel Alfonso Herrero Javaloyas,69:02,Yellow Card,Foul Committed,2
16182,Anuar Mohamed Tuhami,32:58,Yellow Card,Foul Committed,1
16190,Gerard Piqué Bernabéu,36:43,Yellow Card,Foul Committed,1
16190,Roque Mesa Quevedo,89:38,Yellow Card,Bad Behaviour,2
16190,Simon Thorup Kjær,79:34,Yellow Card,Foul Committed,2
16190,Franco Damián Vázquez,69:15,Yellow Card,Foul Committed,2
16190,Pablo Sarabia García,82:11,Yellow Card,Foul Committed,2
16190,Marko Rog,48:08,Yellow Card,Foul Committed,2
16190,Maximilian Wöber,56:59,Yellow Card,Bad Behaviour,2
16196,Sergio Busquets i Burgos,01:24,Yellow Card,Foul Committed,1
16196,Clément Lenglet,62:01,Yellow Card,Foul Committed,2
16196,Sergio Ramos García,60:08,Yellow Card,Foul Committed,2
16196,Marco Asensio Willemsen,81:14,Yellow Card,Foul Committed,2
16196,Daniel Carvajal Ramos,88:03,Yellow Card,Bad Behaviour,2
16205,Sergio Busquets i Burgos,78:52,Yellow Card,Foul Committed,2
16205,Gilbert Gianelli Imbula Wanga,88:39,Yellow Card,Bad Behaviour,2
16205,Emiliano Daniel Velázquez Maldonado,67:15,Yellow Card,Foul Committed,2
16215,Nélson Cabral Semedo,65:58,Yellow Card,Foul Committed,2
16215,Clément Lenglet,51:20,Yellow Card,Foul Committed,2
16215,José Andrés Guardado Hernández,16:00,Yellow Card,Bad Behaviour,1
16231,Roberto José Rosales Altuve,92:32,Yellow Card,Foul Committed,2
16231,Víctor Sánchez Mata,68:14,Yellow Card,Foul Committed,2
16231,Esteban Félix Granero Molina,72:28,Yellow Card,Bad Behaviour,2
16231,Adrià Giner Pedrosa,86:18,Yellow Card,Foul Committed,2
16240,Sergio Busquets i Burgos,38:09,Yellow Card,Foul Committed,1
16240,Luis Alberto Suárez Díaz,90:46,Yellow Card,Bad Behaviour,2
16240,Lionel Andrés Messi Cuccittini,83:20,Yellow Card,Bad Behaviour,2
16240,Sergi Roberto Carnicer,84:13,Yellow Card,Foul Committed,2
16240,Clément Lenglet,41:51,Yellow Card,Foul Committed,1
16240,Arturo Erasmo Vidal Pardo,76:19,Yellow Card,Foul Committed,2
16240,Carles Aleña Castillo,82:21,Yellow Card,Foul Committed,2
16240,José Ramiro Funes Mori,46:14,Yellow Card,Foul Committed,1
16240,Álvaro González Soberón,35:17,Yellow Card,Foul Committed,1
16240,Álvaro González Soberón,85:22,Second Yellow,Foul Committed,2
16240,Santiago Cáseres,90:47,Yellow Card,Foul Committed,2
16248,Gerard Piqué Bernabéu,73:27,Yellow Card,Bad Behaviour,2
16248,Luis Alberto Suárez Díaz,40:37,Yellow Card,Bad Behaviour,1
16248,Clément Lenglet,77:13,Yellow Card,Foul Committed,2
16248,Diego da Silva Costa,27:33,Red Card,Bad Behaviour,1
16248,Diego Roberto Godín Leal,29:38,Yellow Card,Bad Behaviour,1
16248,José María Giménez de Vargas,27:54,Yellow Card,Bad Behaviour,1
16248,Saúl Ñíguez Esclapez,70:30,Yellow Card,Foul Committed,2
16248,Thomas Teye Partey,26:08,Yellow Card,Foul Committed,1
16265,Mikel Merino Zazón,14:03,Yellow Card,Foul Committed,1
16275,Philippe Coutinho Correia,75:11,Yellow Card,Foul Committed,2
16275,Jonathan Rodríguez Menéndez,32:13,Yellow Card,Bad Behaviour,1
16275,Tomás Pina Isla,93:08,Yellow Card,Foul Committed,2
16275,Joaquín Navarro Jiménez,55:08,Yellow Card,Foul Committed,2
16289,Sergio Busquets i Burgos,90:31,Yellow Card,Foul Committed,2
16289,Gerard Piqué Bernabéu,69:21,Yellow Card,Foul Committed,2
16289,Ivan Rakitić,13:15,Yellow Card,Foul Committed,1
16289,Nélson Cabral Semedo,76:06,Yellow Card,Foul Committed,2
16289,Rúben Miguel Nunes Vezo,57:20,Yellow Card,Foul Committed,2
16289,Jorge Andújar Moreno,82:28,Yellow Card,Foul Committed,2
16289,Rubén Rochina Naixes,55:37,Yellow Card,Foul Committed,2
16306,Arturo Erasmo Vidal Pardo,75:30,Yellow Card,Foul Committed,2
16306,Dimitri Foulquier,36:46,Yellow Card,Foul Committed,1
16306,Djené Dakonam Ortega,92:45,Yellow Card,Foul Committed,2
16306,Mathías Olivera Miramontes,50:46,Yellow Card,Foul Committed,2
16317,Jordi Alba Ramos,82:02,Yellow Card,Bad Behaviour,2
16317,Nélson Cabral Semedo,41:47,Yellow Card,Foul Committed,1
16317,José Ángel Valdés Díaz,78:58,Yellow Card,Foul Committed,2
16317,Gonzalo Escalante,81:48,Yellow Card,Foul Committed,2
16317,Iván Ramis Barrios,32:30,Yellow Card,Bad Behaviour,1
16317,Pablo Ezequiel De Blasis,43:03,Yellow Card,Foul Committed,1
303377,Robert Kenedy Nunes do Nascimento,87:50,Yellow Card,Foul Committed,2
303377,Jaime Mata Arnaiz,72:02,Yellow Card,Foul Committed,2
303377,Samuel Yves Umtiti,48:28,Yellow Card,Foul Committed,2
303377,Héctor Junior Firpo Adames,81:24,Yellow Card,Foul Committed,2
303377,Anssumane Fati,84:17,Yellow Card,Bad Behaviour,2
303400,Francis Joseph Coquelin,53:46,Yellow Card,Foul Committed,2
303400,Sergio Busquets i Burgos,51:14,Yellow Card,Foul Committed,2
303400,Gerard Piqué Bernabéu,09:27,Yellow Card,Foul Committed,1
303400,Samuel Yves Umtiti,42:16,Yellow Card,Foul Committed,1
303430,André-Frank Zambo Anguissa,70:56,Yellow Card,Foul Committed,2
303430,Raúl Albiol i Tortajada,80:46,Yellow Card,Foul Committed,2
303430,Sergio Busquets i Burgos,89:36,Yellow Card,Foul Committed,2
303430,Antoine Griezmann,46:33,Yellow Card,Foul Committed,2
303430,Sergi Roberto Carnicer,24:51,Yellow Card,Foul Committed,1
303430,Héctor Junior Firpo Adames,81:25,Yellow Card,Bad Behaviour,2
303451,Gerard Piqué Bernabéu,66:24,Yellow Card,Foul Committed,2
303451,Sergi Roberto Carnicer,07:41,Yellow Card,Foul Committed,1
303451,Arturo Erasmo Vidal Pardo,73:29,Yellow Card,Foul Committed,2
303470,Daniel Carvajal Ramos,18:04,Yellow Card,Bad Behaviour,1
303470,Vinícius José Paixão de Oliveira Júnior,09:58,Yellow Card,Foul Committed,1
303470,Jordi Alba Ramos,18:05,Yellow Card,Bad Behaviour,1
303470,Lionel Andrés Messi Cuccittini,84:48,Yellow Card,Foul Committed,2
303473,Éver Maximiliano David Banega,90:24,Yellow Card,Foul Committed,2
303473,Daniel Filipe Martins Carriço,33:08,Yellow Card,Foul Committed,1
303473,Sergio Reguilón Rodríguez,21:22,Yellow Card,Foul Committed,1
303473,Sergio Busquets i Burgos,88:04,Yellow Card,Bad Behaviour,2
303473,Gerard Piqué Bernabéu,83:51,Yellow Card,Bad Behaviour,2
303473,Luis Alberto Suárez Díaz,63:30,Yellow Card,Bad Behaviour,2
303473,Ousmane Dembélé,53:25,Yellow Card,Bad Behaviour,2
303473,Ousmane Dembélé,86:57,Red Card,Bad Behaviour,2
303473,Nélson Cabral Semedo,38:03,Yellow Card,Foul Committed,1
303473,Ronald Federico Araújo da Silva,86:27,Red Card,Foul Committed,2
303479,Mikel Merino Zazón,55:51,Yellow Card,Foul Committed,2
303479,Mikel Oyarzabal Ugarte,79:54,Yellow Card,Bad Behaviour,2
303479,Ander Guevara Lajo,75:51,Yellow Card,Foul Committed,2
303479,Sergio Busquets i Burgos,87:15,Yellow Card,Foul Committed,2
303479,Gerard Piqué Bernabéu,60:30,Yellow Card,Foul Committed,2
303479,Lionel Andrés Messi Cuccittini,41:17,Yellow Card,Foul Committed,1
303479,Clément Lenglet,15:03,Yellow Card,Foul Committed,1
303487,Francisco José Beltrán Peinado,44:42,Yellow Card,Foul Committed,1
303487,Sergio Busquets i Burgos,86:59,Yellow Card,Foul Committed,2
303487,Samuel Yves Umtiti,23:56,Yellow Card,Foul Committed,1
303487,Lionel Andrés Messi Cuccittini,39:51,Yellow Card,Foul Committed,1
303487,Sergi Roberto Carnicer,51:00,Yellow Card,Foul Committed,2
303493,Sergio Busquets i Burgos,31:21,Yellow Card,Foul Committed,1
303493,Ivan Rakitić,90:40,Yellow Card,Foul Committed,2
303493,Unai Núñez Gestoso,60:59,Yellow Card,Foul Committed,2
303504,Gerard Piqué Bernabéu,64:44,Yellow Card,Foul Committed,2
303504,Antoine Griezmann,55:12,Yellow Card,Foul Committed,2
303504,Sergi Roberto Carnicer,80:19,Yellow Card,Foul Committed,2
303504,Clément Lenglet,66:30,Yellow Card,Foul Committed,2
303504,Arthur Henrique Ramos de Oliveira Melo,11:31,Yellow Card,Foul Committed,1
303504,Anssumane Fati,84:49,Yellow Card,Foul Committed,2
303504,Enis Bardhi,51:09,Yellow Card,Foul Committed,2
303516,Martin Braithwaite Christensen,81:20,Yellow Card,Foul Committed,2
303516,Jordi Alba Ramos,11:47,Yellow Card,Foul Committed,1
303516,Gerard Piqué Bernabéu,95:19,Yellow Card,Bad Behaviour,2
303516,Samuel Yves Umtiti,52:21,Yellow Card,Foul Committed,2
303516,Iago Aspas Juncal,88:38,Yellow Card,Bad Behaviour,2
303516,Brais Méndez Portela,33:05,Yellow Card,Foul Committed,1
303516,Néstor Alejandro Araújo Razo,60:18,Yellow Card,Foul Committed,2
303517,Aleix Vidal Parreu,65:22,Yellow Card,Bad Behaviour,2
303517,Martín Aguirregabiria Padilla,71:37,Yellow Card,Foul Committed,2
303517,Mubarak Wakaso,66:46,Yellow Card,Bad Behaviour,2
303517,Rodrigo Ely,83:40,Yellow Card,Foul Committed,2
303517,Jordi Alba Ramos,87:07,Yellow Card,Foul Committed,2
303517,Samuel Yves Umtiti,66:47,Yellow Card,Bad Behaviour,2
303524,Ángel Martín Correa,20:32,Yellow Card,Foul Committed,1
303524,Thomas Teye Partey,07:09,Yellow Card,Foul Committed,1
303524,Víctor Machín Pérez,68:15,Yellow Card,Foul Committed,2
303524,Felipe Augusto de Almeida Monteiro,71:56,Yellow Card,Foul Committed,2
303524,Gerard Piqué Bernabéu,31:19,Yellow Card,Foul Committed,1
303524,Ivan Rakitić,50:53,Yellow Card,Foul Committed,2
303524,Clément Lenglet,64:13,Yellow Card,Foul Committed,2
303524,Héctor Junior Firpo Adames,17:33,Yellow Card,Foul Committed,1
303532,Chidozie Collins Awaziem,81:15,Yellow Card,Foul Committed,2
303532,Unai Bustinza Martínez,36:12,Yellow Card,Foul Committed,1
303532,Rubén Salvador Pérez Del Mármol,67:33,Yellow Card,Bad Behaviour,2
303532,Ivan Rakitić,91:56,Yellow Card,Foul Committed,2
303532,Samuel Yves Umtiti,82:27,Yellow Card,Foul Committed,2
303532,Clément Lenglet,83:41,Yellow Card,Foul Committed,2
303532,Héctor Junior Firpo Adames,88:38,Yellow Card,Foul Committed,2
303532,Ricard Puig Martí,83:19,Yellow Card,Foul Committed,2
303548,Daniel José Rodríguez Vázquez,85:18,Yellow Card,Foul Committed,2
303548,Jordi Alba Ramos,72:16,Yellow Card,Foul Committed,2
303548,Arturo Erasmo Vidal Pardo,40:59,Yellow Card,Foul Committed,1
303596,Francisco Román Alarcón Suárez,75:42,Yellow Card,Foul Committed,2
303596,Sergio Ramos García,77:32,Yellow Card,Foul Committed,2
303596,Carlos Henrique Casimiro,65:10,Yellow Card,Foul Committed,2
303596,Daniel Carvajal Ramos,90:54,Yellow Card,Foul Committed,2
303596,Gareth Frank Bale,69:07,Yellow Card,Foul Committed,2
303596,Luis Alberto Suárez Díaz,39:06,Yellow Card,Foul Committed,1
303596,Ivan Rakitić,20:41,Yellow Card,Foul Committed,1
303596,Clément Lenglet,44:16,Yellow Card,Foul Committed,1
303600,Miguel Alfonso Herrero Javaloyas,78:06,Yellow Card,Foul Committed,2
303600,Sergio Guardiola Navarro,66:58,Yellow Card,Foul Committed,2
303600,Joaquín Fernández Moreno,44:29,Yellow Card,Foul Committed,1
303610,Carlos Fernández Luna,71:01,Yellow Card,Bad Behaviour,2
303610,Darwin Daniel Machís Marcano,11:53,Yellow Card,Foul Committed,1
303610,Germán Sánchez Barahona,58:50,Yellow Card,Foul Committed,2
303610,Germán Sánchez Barahona,68:41,Second Yellow,Foul Committed,2
303615,David López Silva,93:02,Yellow Card,Bad Behaviour,2
303615,Víctor Sánchez Mata,45:18,Yellow Card,Bad Behaviour,1
303615,Raúl de Tomás Gómez,44:56,Yellow Card,Foul Committed,1
303615,Pol Lozano Vizuete,51:34,Red Card,Foul Committed,2
303615,Anssumane Fati,48:23,Red Card,Foul Committed,2
303634,Gerard Piqué Bernabéu,68:26,Yellow Card,Bad Behaviour,2
303634,Ivan Rakitić,56:07,Yellow Card,Foul Committed,2
303634,Nélson Cabral Semedo,53:15,Yellow Card,Foul Committed,2
303634,Héctor Junior Firpo Adames,74:07,Yellow Card,Bad Behaviour,2
303634,Enric Gallego Puigsech,74:42,Red Card,Foul Committed,2
303634,Pervis Josué Estupiñán Tenorio,63:43,Yellow Card,Bad Behaviour,2
303652,Javier López Rodríguez,34:56,Yellow Card,Foul Committed,1
303652,Marc Roca Junqué,61:25,Yellow Card,Foul Committed,2
303652,Frenkie de Jong,65:04,Yellow Card,Foul Committed,2
303652,Frenkie de Jong,74:11,Second Yellow,Foul Committed,2
303664,Luis Alberto Suárez Díaz,73:07,Yellow Card,Bad Behaviour,2
303666,Gerard Piqué Bernabéu,48:39,Yellow Card,Bad Behaviour,1
303666,Luis Alberto Suárez Díaz,20:35,Yellow Card,Foul Committed,1
303666,Carlos Fernández Luna,86:33,Yellow Card,Foul Committed,2
303666,Yangel Clemente Herrera Ravelo,48:49,Yellow Card,Foul Committed,2
303666,Roberto Soldado Rillo,47:33,Yellow Card,Foul Committed,2
303674,Éver Maximiliano David Banega,61:49,Yellow Card,Foul Committed,2
303674,Fernando Francisco Reges,48:27,Yellow Card,Bad Behaviour,1
303674,Sergio Reguilón Rodríguez,25:51,Yellow Card,Foul Committed,1
303674,Sergio Busquets i Burgos,48:05,Yellow Card,Bad Behaviour,1
303674,Gerard Piqué Bernabéu,38:25,Yellow Card,Foul Committed,1
303680,Rubén Alcaraz Jiménez,44:53,Yellow Card,Foul Committed,1
303680,Enrique Pérez Muñoz,64:02,Yellow Card,Foul Committed,2
303680,Jordi Alba Ramos,77:29,Yellow Card,Bad Behaviour,2
303680,Clément Lenglet,39:39,Yellow Card,Foul Committed,1
303682,Jordi Alba Ramos,64:27,Yellow Card,Bad Behaviour,2
303682,Gerard Piqué Bernabéu,64:02,Yellow Card,Foul Committed,2
303696,Thomas Lemar,93:05,Yellow Card,Foul Committed,2
303696,Diego da Silva Costa,74:30,Yellow Card,Foul Committed,2
303696,Yannick Ferreira Carrasco,78:59,Yellow Card,Foul Committed,2
303696,Saúl Ñíguez Esclapez,34:54,Yellow Card,Foul Committed,1
303696,Felipe Augusto de Almeida Monteiro,50:35,Yellow Card,Foul Committed,2
303696,Gerard Piqué Bernabéu,17:39,Yellow Card,Bad Behaviour,1
303696,Lionel Andrés Messi Cuccittini,60:02,Yellow Card,Bad Behaviour,2
303696,Marc-André ter Stegen,16:14,Yellow Card,Bad Behaviour,1
303700,Takashi Inui,87:10,Yellow Card,Foul Committed,2
303700,Charles Días Barbosa de Oliveira,23:20,Yellow Card,Bad Behaviour,1
303700,Papa Kouly Diop,23:09,Yellow Card,Foul Committed,1
303700,Eduardo Expósito Jaén,89:06,Yellow Card,Foul Committed,2
303700,Sergio Álvarez Díaz,81:28,Yellow Card,Foul Committed,2
303707,Nabil Fekir,75:23,Yellow Card,Foul Committed,2
303707,Nabil Fekir,75:32,Second Yellow,Bad Behaviour,2
303707,Aïssa Mandi,46:21,Yellow Card,Foul Committed,1
303707,Emerson Aparecido Leite de Souza Junior,35:39,Yellow Card,Foul Committed,1
303707,Guido Rodríguez,72:00,Yellow Card,Bad Behaviour,2
303707,Sergio Busquets i Burgos,56:05,Yellow Card,Bad Behaviour,2
303707,Sergi Roberto Carnicer,28:10,Yellow Card,Foul Committed,1
303707,Clément Lenglet,03:25,Yellow Card,Foul Committed,1
303707,Clément Lenglet,78:22,Second Yellow,Foul Committed,2
303707,Arturo Erasmo Vidal Pardo,31:41,Yellow Card,Foul Committed,1
303715,Roque Mesa Quevedo,19:37,Yellow Card,Foul Committed,1
303715,Sergio Busquets i Burgos,31:40,Yellow Card,Foul Committed,1
303715,Arturo Erasmo Vidal Pardo,89:10,Yellow Card,Foul Committed,2
303725,Pau Francisco Torres,16:42,Yellow Card,Foul Committed,1
303731,Gonzalo Escalante,63:27,Yellow Card,Bad Behaviour,2
303731,Papa Kouly Diop,83:57,Yellow Card,Foul Committed,2
3749052,Ioan Viorel Ganea,25:18,Yellow Card,Bad Behaviour,1
3749052,Denis Irwin,66:45,Yellow Card,Foul Committed,2
3749052,Mark Kennedy,10:16,Yellow Card,Foul Committed,1
3749052,Dennis Bergkamp,30:35,Yellow Card,Foul Committed,1
3749068,Robbie Keane,92:32,Yellow Card,Bad Behaviour,2
3749068,Jamie Redknapp,58:02,Yellow Card,Foul Committed,2
3749068,Jens Lehmann,90:44,Yellow Card,Foul Committed,2
3749079,Claude Makélélé,10:35,Yellow Card,Foul Committed,1
3749079,Jerrel Hasselbaink,82:15,Yellow Card,Foul Committed,2
3749079,Ray Parlour,06:22,Yellow Card,Foul Committed,1
3749108,Peter Whittingham,69:59,Yellow Card,Foul Committed,2
3749108,Mark Anthony Delaney,17:20,Yellow Card,Foul Committed,1
3749108,Juan Pablo Ángel Arango,36:28,Yellow Card,Foul Committed,1
3749108,Lee Hendrie,15:30,Yellow Card,Foul Committed,1
3749108,Dennis Bergkamp,79:46,Yellow Card,Foul Committed,2
3749108,Patrick Vieira,67:22,Yellow Card,Foul Committed,2
3749108,Kolo Habib Touré,38:55,Yellow Card,Foul Committed,1
3749117,Fredrik Ljungberg,53:49,Yellow Card,Foul Committed,2
3749117,Ray Parlour,21:49,Yellow Card,Foul Committed,1
3749117,Laureano Bisan-Etame Mayer,43:56,Yellow Card,Foul Committed,1
3749133,Gareth Barry,57:37,Yellow Card,Foul Committed,2
3749133,Peter Whittingham,44:51,Yellow Card,Foul Committed,1
3749133,Olof Mellberg,33:29,Yellow Card,Foul Committed,1
3749133,Mark Anthony Delaney,28:24,Yellow Card,Bad Behaviour,1
3749133,Patrick Vieira,54:39,Yellow Card,Foul Committed,2
3749153,Dorival Guidoni Júnior,29:04,Yellow Card,Foul Committed,1
3749153,Gilberto Aparecido da Silva,19:09,Yellow Card,Foul Committed,1
3749192,Eduardo César Daude Gaspar,88:52,Yellow Card,Foul Committed,2
3749192,Sylvain Legwinski,56:43,Yellow Card,Foul Committed,2
3749196,Darren Anderton,18:45,Yellow Card,Foul Committed,1
3749196,Paul Konchesky,13:13,Yellow Card,Foul Committed,1
3749196,Mauricio Taricco,48:44,Yellow Card,Foul Committed,2
3749196,Dean Richards,24:26,Yellow Card,Foul Committed,1
3749196,Ray Parlour,09:17,Yellow Card,Foul Committed,1
3749233,Ashley Cole,89:14,Yellow Card,Bad Behaviour,2
3749233,Ray Parlour,62:13,Yellow Card,Foul Committed,2
3749233,Eduardo César Daude Gaspar,89:14,Yellow Card,Bad Behaviour,2
3749233,Nicolas Anelka,89:21,Red Card,Bad Behaviour,2
3749233,Joey Barton,59:05,Yellow Card,Foul Committed,2
3749233,Trevor Sinclair,83:26,Yellow Card,Bad Behaviour,2
3749246,Paul Scholes,24:38,Yellow Card,Foul Committed,1
3749246,Gaël Clichy,73:14,Yellow Card,Foul Committed,2
3749253,John Welsh,84:31,Yellow Card,Foul Committed,2
3749253,Igor Bišćan,59:50,Yellow Card,Foul Committed,2
3749253,Ashley Cole,32:33,Yellow Card,Foul Committed,1
3749253,Ray Parlour,35:57,Yellow Card,Foul Committed,1
3749257,Frank Mohammed Sinclair,45:59,Yellow Card,Foul Committed,2
3749274,Sulzeer Jeremiah ''Sol' Campbell,41:23,Yellow Card,Foul Committed,1
3749274,Ray Parlour,79:08,Yellow Card,Foul Committed,2
3749276,Eiður Smári Guðjohnsen,41:31,Yellow Card,Foul Committed,1
3749276,Eiður Smári Guðjohnsen,59:27,Second Yellow,Foul Committed,2
3749276,Adrian Mutu,50:02,Yellow Card,Foul Committed,2
3749276,John Terry,66:06,Yellow Card,Foul Committed,2
3749276,Frank Lampard,78:37,Yellow Card,Foul Committed,2
3749276,Thierry Henry,89:55,Yellow Card,Foul Committed,2
3749276,Laureano Bisan-Etame Mayer,58:48,Yellow Card,Foul Committed,2
3749278,Kevin Nolan,56:56,Yellow Card,Bad Behaviour,2
3749278,Iván Campo Ramos,51:26,Yellow Card,Foul Committed,2
3749278,Patrick Vieira,53:07,Yellow Card,Foul Committed,2
3749278,Thierry Henry,62:50,Yellow Card,Foul Committed,2
3749296,Sulzeer Jeremiah ''Sol' Campbell,09:31,Yellow Card,Foul Committed,1
3749296,Kolo Habib Touré,76:11,Yellow Card,Foul Committed,2
3749296,Sébastien Schemmel,63:38,Yellow Card,Foul Committed,2
3749296,Arjan de Zeeuw,45:33,Yellow Card,Foul Committed,1
3749310,Neill McCann,86:18,Yellow Card,Foul Committed,2
3749346,David Batty,29:47,Yellow Card,Bad Behaviour,1
3749346,René Salomon Olembé-Olembé,50:12,Yellow Card,Foul Committed,2
3749358,Colin Cooper,24:09,Yellow Card,Foul Committed,1
3749360,Markus Babbel,41:36,Yellow Card,Foul Committed,1
3749360,Barry Ferguson,12:47,Yellow Card,Bad Behaviour,1
3749360,Vratislav Greško,05:23,Yellow Card,Foul Committed,1
3749360,Andy Todd,76:33,Yellow Card,Foul Committed,2
3749360,Gilberto Aparecido da Silva,65:46,Yellow Card,Foul Committed,2
3749403,Kevin Nolan,29:07,Yellow Card,Foul Committed,1
3749403,Henrik Pedersen,84:31,Yellow Card,Foul Committed,2
3749403,Ashley Cole,61:16,Yellow Card,Foul Committed,2
3749431,Patrick Vieira,86:30,Yellow Card,Foul Committed,2
3749434,Eduardo César Daude Gaspar,77:33,Yellow Card,Foul Committed,2
3749434,Kolo Habib Touré,13:15,Yellow Card,Foul Committed,1
3749434,Aliou Cissé,06:25,Yellow Card,Foul Committed,1
3749448,Ashley Cole,28:07,Yellow Card,Foul Committed,1
3749448,Patrick Vieira,63:32,Yellow Card,Foul Committed,2
3749448,Laureano Bisan-Etame Mayer,72:24,Yellow Card,Bad Behaviour,2
3749448,El-Hadji Ousseynou Diouf,82:10,Yellow Card,Foul Committed,2
3749454,Ashley Cole,32:58,Yellow Card,Foul Committed,1
3749454,Fredrik Ljungberg,73:34,Yellow Card,Bad Behaviour,2
3749454,Laureano Bisan-Etame Mayer,58:29,Yellow Card,Foul Committed,2
3749454,Michael Tarnat,74:01,Yellow Card,Bad Behaviour,2
3749454,Joey Barton,48:49,Yellow Card,Foul Committed,2
3749454,Danny Tiatto,74:50,Yellow Card,Foul Committed,2
3749454,David Sommeil,54:56,Yellow Card,Foul Committed,2
3749462,Robbie Savage,48:08,Yellow Card,Foul Committed,2
3749462,Damien Johnson,15:04,Yellow Card,Foul Committed,1
3749465,Eduardo César Daude Gaspar,71:32,Yellow Card,Foul Committed,2
3749465,Martin Andresen,52:03,Yellow Card,Foul Committed,2
3749493,Wayne Mark Rooney,76:54,Yellow Card,Foul Committed,2
3749493,Thomas Gravesen,73:40,Yellow Card,Foul Committed,2
3749493,Tie Li,78:54,Yellow Card,Foul Committed,2
3749493,Tie Li,86:46,Second Yellow,Foul Committed,2
3749493,Patrick Vieira,40:16,Yellow Card,Foul Committed,1
3749493,Sulzeer Jeremiah ''Sol' Campbell,24:23,Red Card,Foul Committed,1
3749522,Paul Ince,65:18,Yellow Card,Foul Committed,2
3749522,Lee Naylor,78:18,Yellow Card,Foul Committed,2
3749522,Oleg Luzhny,79:31,Yellow Card,Foul Committed,2
3749522,Alex Rae,26:53,Yellow Card,Foul Committed,1
3749522,Paul Butler,11:14,Yellow Card,Foul Committed,1
3749522,Patrick Vieira,75:00,Yellow Card,Bad Behaviour,2
3749522,Jérémie Aliadière,72:32,Yellow Card,Foul Committed,2
3749526,Laureano Bisan-Etame Mayer,25:34,Yellow Card,Foul Committed,1
3749526,Scott Parker,33:40,Yellow Card,Foul Committed,1
3749528,Laurent Robert,65:12,Yellow Card,Foul Committed,2
3749552,Cristiano Ronaldo dos Santos Aveiro,83:33,Yellow Card,Foul Committed,2
3749552,Ruud van Nistelrooy,79:41,Yellow Card,Foul Committed,2
3749552,Roy Keane,21:33,Yellow Card,Foul Committed,1
3749552,Quinton Fortune Kolobea,89:43,Yellow Card,Foul Committed,2
3749552,Patrick Vieira,77:43,Yellow Card,Foul Committed,2
3749552,Patrick Vieira,79:51,Second Yellow,Bad Behaviour,2
3749552,Martin Keown,60:20,Yellow Card,Foul Committed,2
3749552,Kolo Habib Touré,53:07,Yellow Card,Foul Committed,2
3749590,Ashley Cole,71:32,Red Card,Foul Committed,2
3749590,Jens Lehmann,49:51,Yellow Card,Bad Behaviour,2
3749590,Leslie Ferdinand,49:51,Yellow Card,Bad Behaviour,2
3749603,Patrick Vieira,51:50,Yellow Card,Foul Committed,2
3749603,Thierry Henry,68:21,Yellow Card,Foul Committed,2
3749603,Ray Parlour,84:26,Yellow Card,Bad Behaviour,2
3749603,Sean Davis,88:39,Yellow Card,Bad Behaviour,2
3749631,Chris Baird,70:13,Yellow Card,Foul Committed,2
3749631,Antti Mikko Niemi,93:36,Yellow Card,Bad Behaviour,2
3749631,Michael Lennart Svensson,92:53,Yellow Card,Bad Behaviour,2
3749631,Patrick Vieira,37:02,Yellow Card,Foul Committed,1
3749631,Ray Parlour,62:12,Yellow Card,Foul Committed,2
3764661,Mikel Vesga Arruti,26:37,Yellow Card,Foul Committed,1
3764661,Daniel García Carrillo,69:42,Yellow Card,Foul Committed,2
3764661,Clément Lenglet,56:33,Yellow Card,Bad Behaviour,2
3773369,Pablo Ínsua Blanco,59:51,Yellow Card,Foul Committed,2
3773369,Daniel Escriche Romero,47:46,Yellow Card,Foul Committed,2
3773372,Jorge Resurrección Merodio,64:49,Yellow Card,Foul Committed,2
3773372,Saúl Ñíguez Esclapez,34:39,Yellow Card,Foul Committed,1
3773372,Felipe Augusto de Almeida Monteiro,45:20,Yellow Card,Foul Committed,2
3773372,Jordi Alba Ramos,82:07,Yellow Card,Bad Behaviour,2
3773372,Gerard Piqué Bernabéu,81:55,Yellow Card,Foul Committed,2
3773372,Moriba Kourouma Kourouma,57:47,Yellow Card,Foul Committed,2
3773377,José Luis Gayà Peña,45:12,Yellow Card,Foul Committed,1
3773377,Alejandro Blanco Sánchez,50:56,Yellow Card,Foul Committed,1
3773377,Jordi Alba Ramos,90:47,Yellow Card,Bad Behaviour,2
3773377,Antoine Griezmann,12:22,Yellow Card,Foul Committed,1
3773377,Clément Lenglet,90:41,Yellow Card,Foul Committed,2
3773377,Óscar Mingueza García,55:12,Yellow Card,Foul Committed,2
3773386,Rubén Duarte Sánchez,86:13,Yellow Card,Foul Committed,2
3773386,José Ignacio Peleteiro Ramallo,14:29,Yellow Card,Foul Committed,1
3773386,José Ignacio Peleteiro Ramallo,61:33,Second Yellow,Foul Committed,2
3773386,Deyverson Brum Silva Acosta,21:04,Yellow Card,Foul Committed,1
3773386,Sergio Busquets i Burgos,43:12,Yellow Card,Foul Committed,1
3773386,Lionel Andrés Messi Cuccittini,39:05,Yellow Card,Bad Behaviour,1
3773386,Clément Lenglet,43:20,Yellow Card,Foul Committed,1
3773387,Clément Lenglet,90:24,Yellow Card,Foul Committed,2
3773387,Frenkie de Jong,76:52,Yellow Card,Foul Committed,2
3773387,José Luis Morales Nogales,77:56,Yellow Card,Foul Committed,2
3773387,Jorge De Frutos Sebastián,66:28,Yellow Card,Bad Behaviour,2
3773403,Raúl García Escudero,31:44,Yellow Card,Foul Committed,1
3773403,Ander Capa Rodríguez,76:27,Yellow Card,Foul Committed,2
3773403,Yeray Álvarez López,38:47,Yellow Card,Bad Behaviour,1
3773403,Jordi Alba Ramos,49:57,Yellow Card,Bad Behaviour,2
3773403,Frenkie de Jong,46:06,Yellow Card,Foul Committed,2
3773415,Iván Alejo Peralta,81:49,Yellow Card,Bad Behaviour,2
3773415,José María Martín-Bejarano Serrano,84:30,Yellow Card,Foul Committed,2
3773428,Jordi Alba Ramos,85:31,Yellow Card,Foul Committed,2
3773428,Clément Lenglet,59:58,Yellow Card,Foul Committed,2
3773457,Clément Lenglet,72:26,Yellow Card,Foul Committed,2
3773457,Clément Lenglet,82:05,Second Yellow,Foul Committed,2
3773457,Ricard Puig Martí,55:18,Yellow Card,Foul Committed,2
3773457,Brais Méndez Portela,87:31,Yellow Card,Foul Committed,2
3773457,Carlos Domínguez Cáceres,50:16,Yellow Card,Foul Committed,2
3773466,Sergio Busquets i Burgos,86:19,Yellow Card,Foul Committed,2
3773466,Jordi Alba Ramos,82:44,Yellow Card,Bad Behaviour,2
3773466,Gerard Piqué Bernabéu,41:55,Yellow Card,Bad Behaviour,1
3773466,Clément Lenglet,22:39,Yellow Card,Foul Committed,1
3773466,Clément Lenglet,41:32,Second Yellow,Foul Committed,1
3773466,Renato Fabrizio Tapia Cortijo,68:31,Yellow Card,Foul Committed,2
3773466,Jeison Fabián Murillo Cerón,74:50,Yellow Card,Foul Committed,2
3773466,Néstor Alejandro Araújo Razo,47:03,Yellow Card,Foul Committed,2
3773466,Francisco José Beltrán Peinado,92:27,Yellow Card,Foul Committed,2
3773466,Joseph Aidoo,38:09,Yellow Card,Foul Committed,1
3773474,Bruno González Cabrera,39:01,Yellow Card,Foul Committed,1
3773474,Óscar Plano Pedreño,78:28,Red Card,Foul Committed,2
3773474,Jordi Masip López,79:02,Yellow Card,Bad Behaviour,2
3773474,Sergio Guardiola Navarro,72:24,Yellow Card,Foul Committed,2
3773474,Martin Braithwaite Christensen,83:30,Yellow Card,Foul Committed,2
3773474,Antoine Griezmann,27:40,Yellow Card,Foul Committed,1
3773474,Óscar Mingueza García,42:17,Yellow Card,Foul Committed,1
3773477,Pedro González López,40:08,Yellow Card,Foul Committed,1
3773477,Anssumane Fati,36:00,Yellow Card,Foul Committed,1
3773477,Aïssa Mandi,30:45,Yellow Card,Foul Committed,1
3773477,Aïssa Mandi,57:05,Red Card,Foul Committed,2
3773477,Alejandro Moreno Lopera,43:49,Yellow Card,Foul Committed,1
3773497,José Ignacio Fernández Iglesias,67:55,Yellow Card,Foul Committed,2
3773497,Carlos Henrique Casimiro,88:24,Yellow Card,Foul Committed,2
3773497,Carlos Henrique Casimiro,89:23,Second Yellow,Foul Committed,2
3773497,Jordi Alba Ramos,83:40,Yellow Card,Bad Behaviour,2
3773497,Gerard Piqué Bernabéu,94:05,Yellow Card,Bad Behaviour,2
3773497,Pedro González López,22:03,Yellow Card,Foul Committed,1
3773497,Ronald Federico Araújo da Silva,25:44,Yellow Card,Foul Committed,1
3773523,Adnan Januzaj,19:38,Yellow Card,Foul Committed,1
3773523,Robin Aime Robert Le Normand,79:43,Yellow Card,Foul Committed,2
3773523,Ander Barrenetxea Muguruza,57:05,Yellow Card,Foul Committed,2
3773523,Sergio Busquets i Burgos,39:56,Yellow Card,Foul Committed,1
3773523,Carles Aleña Castillo,92:33,Yellow Card,Foul Committed,2
3773523,Francisco António Machado Mota de Castro Trincão,87:06,Yellow Card,Foul Committed,2
3773526,Martín Aguirregabiria Padilla,16:19,Yellow Card,Foul Committed,1
3773526,Alberto Rodríguez Baró,51:46,Yellow Card,Foul Committed,2
3773547,Lionel Andrés Messi Cuccittini,73:16,Yellow Card,Bad Behaviour,2
3773552,Javier Ontiveros Parra,82:57,Yellow Card,Foul Committed,2
3773565,Jesús Vallejo Lázaro,77:30,Red Card,Foul Committed,2
3773565,Luis Javier Suárez Charris,72:52,Yellow Card,Bad Behaviour,2
3773565,Roberto Soldado Rillo,43:58,Yellow Card,Foul Committed,1
3773565,Sergio Busquets i Burgos,80:54,Yellow Card,Foul Committed,2
3773565,Jordi Alba Ramos,86:01,Yellow Card,Foul Committed,2
3773565,Óscar Mingueza García,48:26,Yellow Card,Foul Committed,2
3773571,Jordi Alba Ramos,61:49,Yellow Card,Foul Committed,2
3773571,Frenkie de Jong,67:28,Yellow Card,Foul Committed,2
3773571,Joaquín Fernández Moreno,76:24,Yellow Card,Foul Committed,2
3773585,Jordi Alba Ramos,61:16,Yellow Card,Bad Behaviour,2
3773585,Lionel Andrés Messi Cuccittini,91:54,Yellow Card,Bad Behaviour,2
3773585,Clément Lenglet,27:30,Yellow Card,Foul Committed,1
3773585,José Ignacio Fernández Iglesias,36:15,Yellow Card,Foul Committed,1
3773585,Carlos Henrique Casimiro,18:37,Yellow Card,Foul Committed,1
3773586,Adrián Marín Gómez,93:17,Yellow Card,Foul Committed,2
3773586,Germán Sánchez Barahona,88:59,Yellow Card,Bad Behaviour,2
3773586,Roberto Soldado Rillo,19:28,Yellow Card,Foul Committed,1
3773586,Nehuén Pérez,42:31,Yellow Card,Foul Committed,1
3773587,Gerard Piqué Bernabéu,22:47,Yellow Card,Foul Committed,1
3773587,Sergi Roberto Carnicer,40:41,Yellow Card,Bad Behaviour,1
3773587,Sergino Dest,96:19,Yellow Card,Foul Committed,2
3773587,Allan Romeo Nyom,72:01,Yellow Card,Foul Committed,2
3773587,Erick Cathriel Cabaco Almada,27:42,Yellow Card,Foul Committed,1
3773587,Mathías Olivera Miramontes,92:25,Yellow Card,Bad Behaviour,2
3773587,Jaime Mata Arnaiz,26:25,Yellow Card,Foul Committed,1
3773593,Gerard Moreno Balaguero,82:32,Yellow Card,Foul Committed,2
3773597,Igor Zubeldia Elorza,78:09,Yellow Card,Foul Committed,2
3773597,Carlos Fernández Luna,92:20,Yellow Card,Foul Committed,2
3773597,Martín Zubimendi Ibáñez,08:42,Yellow Card,Foul Committed,1
3773597,Martin Braithwaite Christensen,87:22,Yellow Card,Foul Committed,2
3773597,Sergio Busquets i Burgos,26:13,Yellow Card,Foul Committed,1
3773625,Diego Carlos Santos Silva,37:49,Yellow Card,Foul Committed,1
3773625,Joan Jordán Moreno,87:19,Yellow Card,Foul Committed,2
3773625,Sergio Escudero Palomo,44:23,Yellow Card,Foul Committed,1
3773625,Karim Rekik,45:55,Yellow Card,Foul Committed,2
3773625,Fernando Francisco Reges,30:14,Yellow Card,Foul Committed,1
3773625,Ousmane Dembélé,81:10,Yellow Card,Bad Behaviour,2
3773625,Lionel Andrés Messi Cuccittini,40:58,Yellow Card,Foul Committed,1
3773631,Víctor Ruíz Torre,76:26,Yellow Card,Foul Committed,2
3773631,Sergio Busquets i Burgos,73:04,Yellow Card,Foul Committed,2
3773631,Ousmane Dembélé,63:53,Yellow Card,Foul Committed,2
3773631,Frenkie de Jong,46:40,Yellow Card,Foul Committed,2
3773656,Jorge Resurrección Merodio,08:13,Yellow Card,Foul Committed,1
3773656,José María Giménez de Vargas,78:11,Yellow Card,Foul Committed,2
3773656,Yannick Ferreira Carrasco,24:59,Yellow Card,Foul Committed,1
3773656,Stefan Savić,78:24,Yellow Card,Bad Behaviour,2
3773660,Martin Braithwaite Christensen,86:47,Yellow Card,Foul Committed,2
3773660,Frenkie de Jong,48:19,Yellow Card,Foul Committed,2
3773660,Nikola Vukčević,41:02,Yellow Card,Foul Committed,1
3773661,Clément Lenglet,05:22,Yellow Card,Foul Committed,1
3773661,Ronald Federico Araújo da Silva,66:20,Yellow Card,Foul Committed,2
3773665,Samuel Yves Umtiti,25:55,Yellow Card,Foul Committed,1
3773665,Héctor Junior Firpo Adames,87:07,Yellow Card,Foul Committed,2
3773672,Nemanja Gudelj,86:12,Yellow Card,Foul Committed,2
3773672,Miralem Pjanić,76:30,Yellow Card,Foul Committed,2
3773689,Manuel Trigueros Muñoz,64:31,Red Card,Foul Committed,2
3773689,Pau Francisco Torres,73:24,Yellow Card,Foul Committed,2
3773689,Raúl Albiol i Tortajada,65:44,Yellow Card,Bad Behaviour,2
3773689,Sergio Busquets i Burgos,81:44,Yellow Card,Foul Committed,2
3773689,Antoine Griezmann,49:21,Yellow Card,Foul Committed,2
3773689,Óscar Mingueza García,92:21,Yellow Card,Bad Behaviour,2
3773695,Antonio Latorre Grueso,55:12,Yellow Card,Foul Committed,2
3773695,Uroš Račić,34:11,Yellow Card,Foul Committed,1
3773695,Marc-André ter Stegen,64:06,Yellow Card,Bad Behaviour,2
