Player ID,Player Name,Position ID,Jersey Number,Team Name
20055,Marc-André ter Stegen,1,1,Barcelona
6374,Nélson Cabral Semedo,2,2,Barcelona
5213,Gerard Piqué Bernabéu,3,3,Barcelona
5492,Samuel Yves Umtiti,5,23,Barcelona
5211,Jordi Alba Ramos,6,18,Barcelona
5203,Sergio Busquets i Burgos,9,5,Barcelona
5470,Ivan Rakitić,11,4,Barcelona
6379,Sergi Roberto Carnicer,12,20,Barcelona
5477,Ousmane Dembélé,16,11,Barcelona
5246,Luis Alberto Suárez Díaz,22,9,Barcelona
5503,Lionel Andrés Messi Cuccittini,24,10,Barcelona
6629,Fernando Pacheco Flores,1,1,Deportivo Alavés
6618,Martín Aguirregabiria Padilla,2,21,Deportivo Alavés
6615,Víctor Laguardia Cisneros,3,5,Deportivo Alavés
6855,Guillermo Alfonso Maripán Loaysa,5,6,Deportivo Alavés
6612,Rubén Duarte Sánchez,6,3,Deportivo Alavés
6839,Daniel Alejandro Torres Rojas,10,16,Deportivo Alavés
6617,Ibai Gómez Pérez,12,11,Deportivo Alavés
6626,Mubarak Wakaso,13,22,Deportivo Alavés
6632,Manuel Alejandro García Sánchez,15,19,Deportivo Alavés
6581,Jonathan Rodríguez Menéndez,16,23,Deportivo Alavés
6613,Rubén Sobrino Pozuelo,23,7,Deportivo Alavés
3501,Philippe Coutinho Correia,,,Barcelona
6566,Borja González Tomás,,,Deportivo Alavés
6935,Adrián Marín Gómez,16,,Barcelona
6624,Jorge Franco Alviz,,,Deportivo Alavés
11392,Arthur Henrique Ramos de Oliveira Melo,,,Barcelona
8206,Arturo Erasmo Vidal Pardo,,,Barcelona
11302,Jordi Masip López,1,1,Real Valladolid
11297,Javier Moyano Lujano,2,17,Real Valladolid
11304,Francisco José Olivas Alba,3,4,Real Valladolid
11293,Fernando Calero Villa,5,5,Real Valladolid
11298,José Ignacio Martínez García,6,22,Real Valladolid
11294,Borja Fernández Fernández,10,8,Real Valladolid
11303,Anuar Mohamed Tuhami,13,23,Real Valladolid
11300,Rubén Alcaraz Jiménez,15,14,Real Valladolid
11291,Laureano Antonio Villa Suárez,19,19,Real Valladolid
6760,Enes Ünal,22,9,Real Valladolid
11296,Óscar Plano Pedreño,24,10,Real Valladolid
6742,Sergio Gontán Gallardo,,,Real Valladolid
8419,Duje Čop,,,Real Valladolid
7699,Daniele Verde,,,Real Valladolid
3109,Malcom Filipe Silva de Oliveira,,,Barcelona
6616,Munir El Haddadi Mohamed,,,Barcelona
9747,Axel Werner,1,1,Huesca
11676,Jorge Miramón Santagertrudis,2,24,Huesca
11677,Jorge Pulido Mayoral,3,14,Huesca
6788,Xabier Etxeita Gorritxategi,5,3,Huesca
6734,Luis Carlos Correia Pinto,6,16,Huesca
11674,Damián Marcelo Musto,9,23,Huesca
11669,Gonzalo Julián Melero Manzanares,11,8,Huesca
11673,Alejandro Gallar Falguera,12,11,Huesca
11675,Moisés Gómez Bordonado,16,6,Huesca
11672,Samuele Longo,22,12,Huesca
11671,Juan Camilo Hernández Suárez,24,9,Huesca
12554,Serdar Gürler,,,Huesca
6826,Clément Lenglet,,,Barcelona
6857,Rúben Afonso Borges Semedo,,,Huesca
11678,Luis Ezequiel Ávila,,,Huesca
6694,Gerónimo Rulli,1,1,Real Sociedad
6605,Joseba Zaldúa Bengoetxea,2,2,Real Sociedad
6679,Aritz Elustondo Irribaria,3,15,Real Sociedad
5573,Héctor Alfredo Moreno Herrera,5,6,Real Sociedad
6704,Theo Bernard François Hernández,6,19,Real Sociedad
6676,Igor Zubeldia Elorza,9,5,Real Sociedad
6671,Asier Illarramendi Andonegi,11,4,Real Sociedad
6685,Mikel Oyarzabal Ugarte,12,10,Real Sociedad
6669,David Zurutuza Veillet,16,17,Real Sociedad
6899,Rubén Pardo Gutiérrez,22,14,Real Sociedad
6695,Juan Miguel Jiménez López,24,7,Real Sociedad
6998,Rafael Alcântara do Nascimento,15,12,Barcelona
6906,Jon Bautista Orgilles,,,Real Sociedad
3042,Mikel Merino Zazón,,,Real Sociedad
16210,Luca Sangalli Fuentes,,,Real Sociedad
6785,Yassine Bounou,1,13,Girona
6579,Pedro Alcalá Guirado,3,5,Girona
6573,Bernardo José Espinosa Zúñiga,4,2,Girona
6572,Juan Pedro Ramírez López,5,15,Girona
6578,Francesc Aday Benítez Caraballo,7,11,Girona
6560,Marc Muniesa Martínez,8,20,Girona
6565,Pere Pons Riera,10,8,Girona
6570,Alejandro Granell Nogué,13,6,Girona
6888,Aleix García Serrano,15,23,Girona
6582,Cristian Portugués Manzanera,22,9,Girona
6351,Cristhian Ricardo Stuani Curbelo,24,7,Girona
6567,Borja García Freire,,,Girona
6574,Douglas Luiz Soares de Paulo,,,Girona
17276,Seydou Doumbia,,,Girona
6610,Iván Cuéllar Sacristán,1,1,Leganés
17818,Rodrigo Tarín Higón,3,28,Leganés
6598,Unai Bustinza Martínez,4,3,Leganés
6601,Raúl García Carnero,5,14,Leganés
6738,Juan Francisco Moreno Fuertes,7,2,Leganés
11730,Jonathan Cristian Silva,8,5,Leganés
6667,Mikel Vesga Arruti,13,23,Leganés
6599,Rubén Salvador Pérez Del Mármol,15,21,Leganés
6608,Nabil El Zhar,17,10,Leganés
16212,Óscar Rodríguez Arnaiz,21,27,Leganés
6301,Youssef En-Nesyri,23,26,Leganés
6332,Thomas Vermaelen,6,24,Barcelona
6834,Gerard Gumbau Garriga,,,Leganés
6666,Sabin Merino Zuloaga,,,Leganés
3991,Allan Romeo Nyom,17,,Barcelona
11748,Unai Simón Mendibil,1,25,Athletic Club
6649,Óscar de Marcos Arana,2,18,Athletic Club
6877,Yeray Álvarez López,3,5,Athletic Club
6665,Íñigo Martínez Berridi,5,4,Athletic Club
6789,Mikel Balenziaga Oruesagasti,6,24,Athletic Club
6775,Daniel García Carrillo,9,16,Athletic Club
6396,Beñat Etxebarria Urkiaga,11,7,Athletic Club
6390,Markel Susaeta Laskurain,12,14,Athletic Club
3023,Yuri Berchiche Izeta,16,12,Athletic Club
6391,Raúl García Escudero,22,22,Athletic Club
6393,Iñaki Williams Arthuer,24,9,Athletic Club
11744,Peru Nolaskoain Esnal,,,Athletic Club
6389,Mikel San José Domínguez,,,Athletic Club
6394,Aritz Aduriz Zubeldia,,,Athletic Club
6590,Norberto Murara Neto,1,13,Valencia
11634,Cristiano Piccini,2,21,Valencia
6891,Ezequiel Marcelo Garay,3,24,Valencia
6746,Gabriel Armando de Abreu,5,5,Valencia
6596,José Luis Gayà Peña,6,14,Valencia
6595,Daniel Parejo Muñoz,9,10,Valencia
6589,Geoffrey Kondogbia,11,6,Valencia
6583,Carlos Soler Barragán,12,8,Valencia
4367,Gonçalo Manuel Ganchinho Guedes,16,7,Valencia
3457,Michy Batshuayi Tunga,22,23,Valencia
6401,Kevin Gameiro,24,9,Valencia
5186,Denis Cheryshev,,,Valencia
5718,Rodrigo Moreno Machado,,,Valencia
3437,Francis Joseph Coquelin,11,,Barcelona
11541,Tomáš Vaclík,1,1,Sevilla
6825,Daniel Filipe Martins Carriço,3,6,Sevilla
5534,Simon Thorup Kjær,4,4,Sevilla
6804,Sergi Gómez Solà,5,3,Sevilla
6821,Jesús Navas González,7,16,Sevilla
6919,Guilherme Antonio Arana Lopes,8,23,Sevilla
5504,Éver Maximiliano David Banega,10,10,Sevilla
6720,Pablo Sarabia García,13,17,Sevilla
6719,Franco Damián Vázquez,15,22,Sevilla
5218,André Miguel Valente Silva,22,12,Sevilla
6723,Wissam Ben Yedder,24,9,Sevilla
5742,Gabriel Iván Mercado,,,Sevilla
3610,Roque Mesa Quevedo,,,Sevilla
6334,Luis Fernando Muriel Fruto,,,Sevilla
6792,Pau López Sabata,1,13,Real Betis
6648,Aïssa Mandi,3,23,Real Betis
7068,Marc Bartra Aregall,4,5,Real Betis
6777,Sidnei Rechel da Silva Júnior,5,12,Real Betis
6658,Cristian Tello Herrera,7,11,Real Betis
17304,Héctor Junior Firpo Adames,8,20,Real Betis
5563,José Andrés Guardado Hernández,9,18,Real Betis
5214,William Silva de Carvalho,11,14,Real Betis
3313,Giovani Lo Celso,19,21,Real Betis
7910,Lorenzo Jesús Morón García,22,16,Real Betis
6651,Joaquín Sánchez Rodríguez,24,17,Real Betis
6673,Sergio Canales Madrazo,,,Real Betis
13599,Carles Aleña Castillo,,,Barcelona
6657,Sergio León Limones,,,Real Betis
5687,Takashi Inui,21,,Barcelona
6378,Jan Oblak,1,13,Atlético Madrid
5696,Santiago Arias Naranjo,2,4,Atlético Madrid
6376,Stefan Savić,3,15,Atlético Madrid
5484,Lucas Hernández Pi,5,21,Atlético Madrid
6320,Filipe Luís Kasmirski,6,3,Atlético Madrid
5199,Jorge Resurrección Merodio,12,6,Atlético Madrid
6765,Rodrigo Hernández Cascante,13,14,Atlético Madrid
6381,Saúl Ñíguez Esclapez,15,8,Atlético Madrid
3245,Thomas Lemar,16,11,Atlético Madrid
5487,Antoine Griezmann,22,7,Atlético Madrid
5198,Diego da Silva Costa,24,19,Atlético Madrid
6841,Víctor Machín Pérez,,,Atlético Madrid
6377,Ángel Martín Correa,,,Atlético Madrid
6755,Sergio Asenjo Andrés,1,1,Villarreal
6772,Mario Gaspar Pérez Martínez,2,2,Villarreal
6762,Álvaro González Soberón,3,3,Villarreal
6752,Víctor Ruíz Torre,5,6,Villarreal
6737,Alfonso Pedraza Sag,6,16,Villarreal
11385,Santiago Cáseres,10,5,Villarreal
16335,Samuel Chimerenka Chukwueze,12,30,Villarreal
6771,Manuel Trigueros Muñoz,13,14,Villarreal
11386,Santiago Cazorla González,15,19,Villarreal
6764,Pablo Fornals Malla,16,8,Villarreal
6766,Gerard Moreno Balaguero,23,7,Villarreal
5688,Carlos Arturo Bacca Ahumada,,,Villarreal
3551,Karl Brillant Toko Ekambi,,,Villarreal
6753,Daniel Raba Antolín,,,Villarreal
6768,Diego López Rodríguez,1,13,Espanyol
6791,Javier López Rodríguez,2,16,Espanyol
6754,David López Silva,3,15,Espanyol
5598,Óscar Esau Duarte Gaitán,5,6,Espanyol
6886,Dídac Vilá Rosselló,6,12,Espanyol
3236,Sergi Darder Moll,13,10,Espanyol
6866,Marc Roca Junqué,15,21,Espanyol
6838,Hernán Arsenio Pérez González,17,17,Espanyol
6902,Óscar Melendo Jiménez,19,14,Espanyol
6758,Víctor Sánchez Mata,21,4,Espanyol
11391,Borja Iglesias Quintas,23,7,Espanyol
6761,Leonardo Carrilho Baptistão,,,Espanyol
6767,Sergio García De La Fuente,19,,Barcelona
6770,Esteban Félix Granero Molina,,,Espanyol
6609,Denis Suárez Fernández,,,Barcelona
6692,Oier Olazábal Paredes,1,13,Levante UD
6809,Erick Cathriel Cabaco Almada,3,18,Levante UD
6682,Sergio Postigo Redondo,4,15,Levante UD
6807,Roberto Suárez Pier,5,4,Levante UD
6691,David Remeseiro Salgueiro,7,23,Levante UD
6784,Antonio García Aranda,8,3,Levante UD
6688,José Ángel Gómez Campaña,9,24,Levante UD
6782,Enis Bardhi,11,10,Levante UD
6680,Rubén Rochina Naixes,19,16,Levante UD
6678,Emmanuel Okyere Boateng,22,21,Levante UD
6668,José Luis Morales Nogales,24,11,Levante UD
21147,Borja Mayoral Moya,,,Levante UD
4407,Sanjin Prcić,,,Levante UD
6672,Jorge Andújar Moreno,,,Levante UD
6795,Rubén Blanco Veiga,1,13,Celta Vigo
6805,Hugo Mallo Novegil,2,2,Celta Vigo
11388,Néstor Alejandro Araújo Razo,3,4,Celta Vigo
17804,David Costas Cordal,5,3,Celta Vigo
6876,Róbert Mazáň,6,15,Celta Vigo
12555,Okay Yokuşlu,9,5,Celta Vigo
6852,Jozabed Sánchez Ruiz,11,21,Celta Vigo
6799,Brais Méndez Portela,12,23,Celta Vigo
3625,Sofiane Boufal,16,19,Celta Vigo
5217,Iago Aspas Juncal,22,10,Celta Vigo
6297,Maximiliano Gómez González,24,9,Celta Vigo
6798,Stanislav Lobotka,,,Celta Vigo
11389,Francisco José Beltrán Peinado,,,Celta Vigo
5516,Pione Sisto Ifolo Emirmija,,,Celta Vigo
6722,David Soria Solís,1,13,Getafe
6627,Damián Nicolás Suárez Suárez,2,22,Getafe
6634,Djené Dakonam Ortega,3,2,Getafe
6635,Leandro Daniel Cabrera Sasía,5,6,Getafe
6619,Vitorino Gabriel Pacheco Antunes,6,3,Getafe
6901,Nemanja Maksimović,9,20,Getafe
6863,Mauro Wilney Arambarri Rosa,11,18,Getafe
4546,Dimitri Foulquier,12,24,Getafe
6873,Francisco Portillo Soler,16,8,Getafe
6611,Ángel Luis Rodríguez Díaz,22,9,Getafe
11550,Jaime Mata Arnaiz,24,7,Getafe
6630,Jorge Molina Vidal,,,Getafe
4712,Samuel Sáiz Alonso,,,Getafe
18721,Robert Ibáñez Castro,12,,Barcelona
10763,Asier Riesgo Unamuno,1,13,Eibar
6710,Rubén Peña Jiménez,2,11,Eibar
6709,Anaitz Arbilla Zabala,3,23,Eibar
7907,Pedro Bigas Rigo,5,3,Eibar
6705,José Ángel Valdés Díaz,6,15,Eibar
6712,Gonzalo Escalante,9,5,Eibar
6867,Papa Kouly Diop,11,8,Eibar
7105,Fabián Ariel Orellana Valenzuela,17,14,Eibar
6701,Joan Jordán Moreno,19,24,Eibar
17620,Marc Cucurella Saseta,21,20,Eibar
6700,Sergio Enrich Ametller,23,9,Eibar
8555,Pablo Ezequiel De Blasis,,,Eibar
6711,Enrique García Martínez,,,Eibar
13108,Marc Cardona Rovira,,,Eibar
5830,Kenneth Josiah Omeruo,4,24,Leganés
6603,Dimitrios Siovas,5,22,Leganés
6580,José Luis García del Pozo,9,8,Leganés
4447,Martin Braithwaite Christensen,23,25,Leganés
11745,Michael Nicolás Santos Rosadilla,,,Leganés
6606,Javier Eraso Goñi,,,Leganés
11292,Pedro Antonio Porro Sauceda,7,24,Girona
22129,Valery Fernández Estrada,8,34,Girona
7578,Anthony Rubén Lozano Colón,,,Girona
23264,Seung-Ho Paik,15,,Girona
6587,Antonio Latorre Grueso,6,15,Valencia
6797,Daniel Wass,12,18,Valencia
6748,Ferrán Torres García,,,Valencia
6594,Santiago Mina Lorenzo,,,Valencia
6662,Iago Herrerín Buisán,1,13,Athletic Club
6842,Iker Muniain Goñi,,,Athletic Club
8540,Kenan Kodro,,,Athletic Club
8668,Kevin-Prince Boateng,23,19,Barcelona
22020,Joaquín Fernández Moreno,3,2,Real Valladolid
18164,Antonio Jesús Regal Angulo,7,18,Real Valladolid
11301,Miguel Alfonso Herrero Javaloyas,11,21,Real Valladolid
17027,Sergio Guardiola Navarro,24,12,Real Valladolid
23492,Stiven Ricardo Plaza Castillo,,,Real Valladolid
8068,Maximilian Wöber,6,14,Sevilla
7040,Marko Rog,11,20,Sevilla
13360,Quincy Anton Promes,16,21,Sevilla
11332,Ibrahim Amadou,6,,Barcelona
3509,Thibaut Courtois,1,25,Real Madrid
5721,Daniel Carvajal Ramos,2,2,Real Madrid
5485,Raphaël Varane,3,5,Real Madrid
5201,Sergio Ramos García,5,4,Real Madrid
18620,Sergio Reguilón Rodríguez,6,23,Real Madrid
5539,Carlos Henrique Casimiro,10,14,Real Madrid
5463,Luka Modrić,13,10,Real Madrid
5574,Toni Kroos,15,8,Real Madrid
6399,Gareth Frank Bale,17,11,Real Madrid
18395,Vinícius José Paixão de Oliveira Júnior,21,28,Real Madrid
19677,Karim Benzema,23,9,Real Madrid
6773,Federico Santiago Valverde Dipetta,15,,Real Madrid
5719,Marco Asensio Willemsen,,,Real Madrid
4926,Francisco Román Alarcón Suárez,,,Real Madrid
21397,Stole Dimitrievski,1,13,Rayo Vallecano
17054,Emiliano Daniel Velázquez Maldonado,3,20,Rayo Vallecano
6924,Alejandro Gálvez Jimena,4,23,Rayo Vallecano
6652,Jordi Amat Maas,5,16,Rayo Vallecano
5521,Luis Jan Piers Advíncula Castrillón,7,17,Rayo Vallecano
11538,Alejandro Moreno Lopera,8,7,Rayo Vallecano
4346,Gilbert Gianelli Imbula Wanga,9,12,Rayo Vallecano
12194,Santiago Comesaña Veiga,11,27,Rayo Vallecano
7900,Tiago Manuel Dias Correia,17,14,Rayo Vallecano
12192,Álvaro García Rivera,21,18,Rayo Vallecano
16209,Raúl de Tomás Gómez,23,9,Rayo Vallecano
11535,José Ángel Pozo la Rosa,,,Rayo Vallecano
11539,Adrián Embarba Blázquez,,,Rayo Vallecano
3990,Jesé Rodríguez Ruiz,24,10,Real Betis
23522,Emerson Aparecido Leite de Souza Junior,,,Real Betis
22915,Diego Lainez Leyva,,,Real Betis
22919,Lluís López Mármol,3,27,Espanyol
6769,Edinaldo Gomes Pereira,4,5,Espanyol
6790,Mario Hermoso Canseco,5,22,Espanyol
6569,Roberto José Rosales Altuve,7,8,Espanyol
22287,Adrià Giner Pedrosa,8,28,Espanyol
23343,Lei Wu,,,Espanyol
10323,Alfa Semedo Esteves,,,Espanyol
4629,José Ramiro Funes Mori,4,4,Villarreal
11384,Manuel Morlanes Ariño,9,28,Villarreal
3497,Vicente Iborra De La Fuente,21,10,Villarreal
6827,Daniele Bonera,17,,Barcelona
5259,José María Giménez de Vargas,3,24,Atlético Madrid
5249,Diego Roberto Godín Leal,5,2,Atlético Madrid
6383,Thomas Teye Partey,9,5,Atlético Madrid
3477,Álvaro Borja Morata Martín,,,Atlético Madrid
6375,Juan Francisco Torres Belén,,,Atlético Madrid
6713,Diego Javier Llorente Ríos,5,3,Real Sociedad
22452,Aihen Muñoz Capellán,6,29,Real Sociedad
6721,Willian José da Silva,23,12,Real Sociedad
3508,Sandro Ramírez Castillo,,,Real Sociedad
22321,Ander Barrenetxea Muguruza,,,Real Sociedad
6636,Rodrigo Ely,4,4,Deportivo Alavés
6923,Joaquín Navarro Jiménez,5,15,Deportivo Alavés
6856,Carlos Martín Vigaray,7,2,Deportivo Alavés
6622,Tomás Pina Isla,15,8,Deportivo Alavés
6739,Diego Alejandro Rolan Silva,17,9,Deportivo Alavés
6604,Darko Brašanac,,,Deportivo Alavés
12190,Patrick Twumasi,,,Deportivo Alavés
6038,John Guidetti,,,Deportivo Alavés
23344,Aitor Fernández Abarisketa,1,25,Levante UD
6592,Rúben Miguel Nunes Vezo,3,14,Levante UD
6675,Antonio Manuel Luna Rodríguez,6,22,Levante UD
17303,Nikola Vukčević,10,17,Levante UD
18163,Moses Daddy-Ajala Simon,16,7,Levante UD
6684,Roger Martí Salvador,,,Levante UD
8652,Jasper Cillessen,1,13,Barcelona
7104,Mathías Olivera Miramontes,6,17,Getafe
5693,Gaku Shibasaki,16,10,Getafe
24976,Abel Ruiz Ortega,,,Barcelona
7621,Hugo Duro Perales,24,,Barcelona
6698,Marko Dmitrović,1,1,Eibar
6708,Paulo André Rodrigues de Oliveira,3,12,Eibar
6778,Iván Ramis Barrios,5,4,Eibar
6707,Charles Días Barbosa de Oliveira,24,19,Eibar
5674,Moussa Wagué,,,Barcelona
25006,Carles Pérez Sayol,,,Barcelona
13107,Sergio Álvarez Díaz,,,Eibar
8118,Frenkie de Jong,13,21,Barcelona
30756,Anssumane Fati,21,31,Barcelona
5466,Oghenekaro Etebo,12,5,Getafe
3666,Robert Kenedy Nunes do Nascimento,,,Getafe
6621,Amath Ndiaye,,,Getafe
6898,Jaume Doménech Sánchez,1,1,Valencia
6828,Jaume Vicent Costa Jordá,,,Valencia
24949,Álex Collado Gutiérrez,,,Barcelona
6571,Roberto Jiménez Gago,1,13,Deportivo Alavés
23263,Lisandro Magallán,5,6,Deportivo Alavés
26387,Edgar Antonio Méndez Ortega,12,16,Deportivo Alavés
6659,Víctor Camarasa Ferrando,13,10,Deportivo Alavés
3513,Oliver Burke,16,24,Deportivo Alavés
6732,Lucas Pérez Martínez,22,7,Deportivo Alavés
3265,José Luis Sanmartín Mato,24,9,Deportivo Alavés
32480,Ronald Federico Araújo da Silva,3,33,Barcelona
24841,Ricard Puig Martí,15,28,Barcelona
24049,Luis Jesús Rioja González,,,Deportivo Alavés
30419,Alberto Rodríguez Baró,,,Deportivo Alavés
10318,Ljubomir Fejsa,,,Deportivo Alavés
41125,Abdallahi Mohamed Mahmoud,,,Deportivo Alavés
7030,Raúl Albiol i Tortajada,3,3,Villarreal
6892,Pau Francisco Torres,5,4,Villarreal
24729,Xavier Quintillà Guasch,6,16,Villarreal
3141,André-Frank Zambo Anguissa,13,19,Villarreal
20063,Javier Ontiveros Parra,21,24,Villarreal
24083,Manuel Reina Rodríguez,1,1,Mallorca
24576,Francisco Gámez López,2,15,Mallorca
24084,Martin Valjent,3,24,Mallorca
24086,Antonio José Raillo Arenas,5,21,Mallorca
24089,Joan Sastre Vanrell,6,2,Mallorca
31090,Takefusa Kubo,12,26,Mallorca
24087,Iddrisu Baba Mohammed,13,12,Mallorca
24072,Salvador Sevilla López,15,8,Mallorca
24088,Daniel José Rodríguez Vázquez,16,14,Mallorca
23986,Aleix Febas Pérez,22,23,Mallorca
8654,Ante Budimir,24,22,Mallorca
27342,Josep Señé Escudero,15,,Mallorca
24067,Abdón Prats Bastidas,22,,Barcelona
5552,Marcelo Vieira da Silva Júnior,6,12,Real Madrid
5200,Lucas Vázquez Iglesias,,,Real Madrid
3163,Mariano Díaz Mejía,,,Real Madrid
11532,Jean-Clair Todibo,3,6,Barcelona
3366,Diego Carlos Santos Silva,3,20,Sevilla
16003,Fernando Francisco Reges,10,25,Sevilla
12021,Óliver Torres Muñoz,15,21,Sevilla
4345,Lucas Ariel Ocampos,17,5,Sevilla
6724,Manuel Agudo Durán,21,8,Sevilla
20033,Luuk de Jong,23,19,Sevilla
3058,Javier Hernández Balcázar,,,Sevilla
32185,Alejandro Remiro Gargallo,1,1,Real Sociedad
6670,Andoni Gorosabel Espinosa,2,18,Real Sociedad
22128,Robin Aime Robert Le Normand,5,24,Real Sociedad
3498,Ignacio Monreal Eraso,6,20,Real Sociedad
24236,Ander Guevara Lajo,9,16,Real Sociedad
8252,Martin Ødegaard,19,21,Real Sociedad
8819,Alexander Isak,23,19,Real Sociedad
16555,Joseph Aidoo,3,18,Celta Vigo
24730,Lucas René Olaza Catrofe,5,15,Celta Vigo
6776,David Juncà Reñé,8,17,Celta Vigo
4558,Pape Cheikh Diop Gueye,15,24,Celta Vigo
30294,Gabriel Matías Fernández Leites,,,Celta Vigo
6397,Unai Núñez Gestoso,3,3,Athletic Club
11746,Unai López Cabrera,9,8,Athletic Club
6392,Íñigo Lekue Martínez,17,15,Athletic Club
30225,Oihan Sancet Tirapu,19,34,Athletic Club
6387,Iñigo Córdoba Kerejeta,21,11,Athletic Club
32953,Asier Villalibre Molina,,,Athletic Club
6699,Ander Capa Rodríguez,,,Athletic Club
23948,Carlos Clerc Martínez,6,19,Levante UD
6796,Nemanja Radoja,9,5,Levante UD
24273,Jorge Sáenz de Miera Colmeiro,5,16,Celta Vigo
22029,Kevin Vázquez Comesaña,7,20,Celta Vigo
41116,Jacobo González Rodrigañez,8,29,Celta Vigo
5194,Fyodor Smolov,24,9,Celta Vigo
6310,Filip Bradarić,,,Celta Vigo
6585,Jeison Fabián Murillo Cerón,,,Celta Vigo
6400,Aleix Vidal Parreu,12,18,Deportivo Alavés
24078,Javier Muñoz Jiménez,19,15,Deportivo Alavés
3308,Kieran Trippier,2,23,Atlético Madrid
11167,Felipe Augusto de Almeida Monteiro,3,18,Atlético Madrid
5575,Héctor Miguel Herrera López,13,16,Atlético Madrid
12041,João Félix Sequeira,24,7,Atlético Madrid
26532,Renan Augusto Lodi dos Santos,,,Atlético Madrid
3139,Chidozie Collins Awaziem,3,12,Leganés
6851,Aitor Ruibal García,7,19,Leganés
6602,Miguel Ángel Guerrero Martín,24,9,Leganés
16024,Roger Claver Assalé Djapone,,,Leganés
3246,Guido Marcelo Carrillo,,,Leganés
6885,Kévin Manuel Rodrigues,,,Leganés
22418,Bryan Gil Salvatierra,,,Leganés
24613,Alejandro Pozo Pozo,2,7,Mallorca
24269,Marc Pedraza Sarto,9,6,Mallorca
24079,Júnior Wakalibille Lago,,,Mallorca
3122,Yannis Salibur,,,Mallorca
3804,Ferland Mendy,6,23,Real Madrid
25104,Rodrygo Silva de Goes,,,Real Madrid
17520,Federico Barba,5,3,Real Valladolid
24777,Waldo Rubio Martín,24,23,Real Valladolid
30519,Mohamed Salisu,8,,Barcelona
12073,Pablo Hervías Ruiz,,,Real Valladolid
24140,Rui Tiago Dantas da Silva,1,1,Granada
24133,Víctor David Díaz Miguel,2,16,Granada
23807,Domingos Sousa Coutinho Meneses Duarte,3,22,Granada
24134,Germán Sánchez Barahona,5,6,Granada
24052,Yan Brice Eteki,9,8,Granada
6982,Maxime Gonalons,11,4,Granada
24143,Álvaro Vadillo Cifuentes,17,7,Granada
24127,Ramon Olamilekan Azeez,19,12,Granada
11501,Darwin Daniel Machís Marcano,21,23,Granada
8866,Carlos Fernández Luna,23,24,Granada
16249,Yangel Clemente Herrera Ravelo,,,Granada
24126,José Antonio Rodríguez Díaz,,,Granada
24142,José Antonio Martínez Gil,,,Granada
32670,Víctor Gómez Perea,7,34,Espanyol
31885,Pol Lozano Vizuete,13,26,Espanyol
30420,Víctor Campuzano Bonilla,,,Espanyol
24211,Sergio Herrera Pirón,1,1,Osasuna
24212,Aridane Hernández Umpiérrez,3,23,Osasuna
6693,Raúl Rodríguez Navas,4,3,Osasuna
23950,David García Zubiría,5,5,Osasuna
6591,Ignacio Vidal Miralles,7,2,Osasuna
24085,Pervis Josué Estupiñán Tenorio,8,30,Osasuna
30277,Jon Moncayola Tollar,10,27,Osasuna
23945,Iñigo Pérez Soto,15,21,Osasuna
6810,José Manuel Arnáiz Díaz,22,16,Osasuna
6735,Adrián López Álvarez,24,22,Osasuna
23944,Oier Sanjurjo Mate,,,Osasuna
23213,Enric Gallego Puigsech,,,Osasuna
24315,Enrique Barja Afonso,,,Osasuna
23947,Roberto Torres Morales,,,Osasuna
6930,Jonathan Calleri,22,12,Espanyol
30421,Matías Ezequiel Vargas Martín,,,Espanyol
6388,Ander Iturraspe Derteano,,,Espanyol
6330,Adnan Januzaj,,,Real Sociedad
25702,Carlos Neva Tey,6,15,Granada
24144,Ángel Montoro Sánchez,11,19,Granada
26009,Roberto Soldado Rillo,23,9,Granada
4445,Jules Koundé,3,12,Sevilla
7022,Jesús Joaquín Fernández Sáez de la Torre,,,Sevilla
16489,Nemanja Gudelj,13,,Barcelona
21225,Javier Sánchez de Felipe,5,5,Real Valladolid
24141,Federico San Emeterio Díaz,13,16,Real Valladolid
40881,Enrique Pérez Muñoz,19,28,Real Valladolid
12020,Hernâni Jorge Santos Fortes,,,Levante UD
5633,Yannick Ferreira Carrasco,16,21,Atlético Madrid
6840,Marcos Llorente Moreno,22,14,Atlético Madrid
6907,Pedro León Sánchez Gil,12,21,Eibar
6910,Eduardo Expósito Jaén,,,Eibar
16309,Joel Robles Blázquez,1,1,Real Betis
26404,Guido Rodríguez,10,21,Real Betis
2948,Nabil Fekir,16,8,Real Betis
3515,Alberto Moreno Pérez,6,18,Villarreal
6402,Francisco Alcácer García,24,17,Villarreal
22819,Bruno Soriano Llido,,,Villarreal
34515,Fernando Niño Rodriguez,,,Villarreal
23981,Álvaro Tejero Sacristán,2,24,Eibar
23803,Esteban Rodrigo Burgos,3,2,Eibar
23808,Enrique González Casín,23,,Eibar
7154,Sebastián Carlos Cristóforo Pepe,,,Eibar
40319,Paul Jones,1,21,Wolverhampton Wanderers
24765,Denis Irwin,2,2,Wolverhampton Wanderers
40314,Jody Craddock,3,12,Wolverhampton Wanderers
40312,Paul Butler,5,6,Wolverhampton Wanderers
40304,Lee Naylor,6,3,Wolverhampton Wanderers
40311,Alex Rae,9,4,Wolverhampton Wanderers
40313,Colin Cameron,11,10,Wolverhampton Wanderers
10525,Kenny Miller,12,16,Wolverhampton Wanderers
40305,Mark Kennedy,16,11,Wolverhampton Wanderers
17727,Ioan Viorel Ganea,22,20,Wolverhampton Wanderers
40320,Carl Cort,24,27,Wolverhampton Wanderers
20015,Jens Lehmann,1,1,Arsenal
40222,Laureano Bisan-Etame Mayer,2,12,Arsenal
38412,Kolo Habib Touré,3,28,Arsenal
15637,Sulzeer Jeremiah ''Sol' Campbell,5,23,Arsenal
12529,Ashley Cole,6,3,Arsenal
15515,Patrick Vieira,9,4,Arsenal
26014,Eduardo César Daude Gaspar,11,17,Arsenal
40221,Gilberto Aparecido da Silva,12,19,Arsenal
19312,Robert Pirès,16,7,Arsenal
15042,Dennis Bergkamp,22,10,Arsenal
15516,Thierry Henry,24,14,Arsenal
23816,José Antonio Reyes Calderón,,,Arsenal
15595,Steffen Iversen,,,Wolverhampton Wanderers
40274,Kasey Keller,1,0,Tottenham Hotspur
40272,Stephen Kelly,2,0,Tottenham Hotspur
20488,Ledley King,3,0,Tottenham Hotspur
40279,Anthony Gardner,5,0,Tottenham Hotspur
40275,Mauricio Taricco,6,0,Tottenham Hotspur
40277,Simon Davies,12,0,Tottenham Hotspur
15638,Jamie Redknapp,13,0,Tottenham Hotspur
40278,Michael Brown,15,0,Tottenham Hotspur
3872,Johnnie Jackson,16,0,Tottenham Hotspur
25960,Frédéric Oumar Kanouté,22,0,Tottenham Hotspur
11348,Robbie Keane,24,0,Tottenham Hotspur
24972,Ray Parlour,12,0,Arsenal
3337,Jermain Defoe,,,Tottenham Hotspur
40276,Gustavo Augusto Poyet Domínguez,,,Tottenham Hotspur
15512,Sylvain Wiltord,22,11,Arsenal
40260,Carlo Cudicini,1,0,Chelsea
4724,Glen Johnson,2,0,Chelsea
20281,Mario Melchiot,3,0,Chelsea
40123,Robert Huth,5,0,Chelsea
40258,Wayne Bridge,6,0,Chelsea
20254,Claude Makélélé,9,0,Chelsea
20330,Frank Lampard,11,0,Chelsea
40261,"Gérémi Sorele N""Djitap Fotso",12,0,Chelsea
20444,Damien Duff,16,0,Chelsea
34394,Hernán Jorge Crespo,22,0,Chelsea
18105,Adrian Mutu,24,0,Chelsea
24971,Nwankwo Christian Kanu,,,Arsenal
15524,Jesper Grønkjær,,,Chelsea
40259,Joe Cole,,,Chelsea
40262,Jerrel Hasselbaink,,,Chelsea
26194,Pascal Cygan,16,,Chelsea
15754,Fredrik Ljungberg,12,8,Arsenal
20145,Thomas Løvendahl Sørensen,1,1,Aston Villa
40361,Mark Anthony Delaney,2,2,Aston Villa
15761,Olof Mellberg,3,4,Aston Villa
24763,Ronny Johnsen,5,27,Aston Villa
40359,Jlloyd Tafari Samuel,6,3,Aston Villa
364784,Mark Kinsella,10,26,Aston Villa
40360,Ulises Hernán de la Cruz Bernardo,12,15,Aston Villa
40363,Lee Hendrie,13,7,Aston Villa
3633,Gareth Barry,15,6,Aston Villa
4394,Peter Whittingham,16,17,Aston Villa
40362,Juan Pablo Ángel Arango,23,18,Aston Villa
20327,Darius Vassell,,,Aston Villa
19497,Nigel Martyn,1,25,Everton
129558,Tony Hibbert,2,28,Everton
40285,Alan Stubbs,3,4,Everton
40281,David Unsworth,5,6,Everton
40282,Gary Naysmith,6,15,Everton
40287,Tie Li,10,12,Everton
375066,Lee Carsley,13,26,Everton
375070,Kevin Kilbane,15,14,Everton
40286,Tomasz Radziński,17,8,Everton
3538,Wayne Mark Rooney,21,18,Everton
24794,Duncan Ferguson,23,10,Everton
20189,Tobias Linderoth,10,,Arsenal
375067,Francis Jeffers,,,Everton
375068,Kevin Campbell,,,Everton
20019,Thomas Hitzlsperger,13,12,Aston Villa
20180,Marcus Allbäck,22,14,Aston Villa
13439,Liam Ridgewell,,,Aston Villa
4040,Peter Crouch,,,Aston Villa
40255,Jérémie Aliadière,22,0,Arsenal
40322,Mark Schwarzer,1,0,Middlesbrough
40326,Danny Mills,2,0,Middlesbrough
40325,Ugo Ehiogu,3,0,Middlesbrough
15403,Gareth Southgate,5,6,Middlesbrough
40328,Franck Queudrue,6,0,Middlesbrough
40327,Szilárd Németh,12,0,Middlesbrough
40324,George Boateng,13,0,Middlesbrough
40329,Dorival Guidoni Júnior,15,0,Middlesbrough
9585,Stewart Downing,16,0,Middlesbrough
17793,Boudewijn Zenden,22,0,Middlesbrough
40323,Joseph-Desiré Job,24,0,Middlesbrough
40330,Chris Riggott,,,Middlesbrough
40252,Massimo Maccarone,,,Middlesbrough
40331,Oswaldo Giroldo Júnior,,,Middlesbrough
15036,Edwin van der Sar,1,1,Fulham
40408,Moritz Volz,2,2,Fulham
40415,Andy Melville,3,4,Fulham
40413,Zat Knight,5,16,Fulham
40414,Jérôme Bonnissel,6,18,Fulham
40412,Sean Davis,13,23,Fulham
38566,Lee Clark,15,10,Fulham
40407,Steed Malbranque,17,14,Fulham
40411,Sylvain Legwinski,19,5,Fulham
40409,Junichi Inamoto,21,6,Fulham
20505,Louis Saha,23,8,Fulham
40410,Barry Hayles,,,Fulham
38404,Paul Konchesky,5,16,Tottenham Hotspur
40318,Stephen Carr,7,2,Tottenham Hotspur
40317,Dean Richards,10,36,Tottenham Hotspur
15411,Darren Anderton,13,7,Tottenham Hotspur
26149,Stephane Dalmat,15,11,Tottenham Hotspur
20011,Hélder Manuel Marques Postiga,22,8,Tottenham Hotspur
40315,Mbulelo Mabizela,,,Tottenham Hotspur
38402,Bobby Zamora,,,Tottenham Hotspur
40316,Rohan Ricketts,,,Tottenham Hotspur
20329,David James,1,1,Manchester City
40215,Jihai Sun,2,17,Manchester City
20447,Richard Dunne,3,22,Manchester City
40218,Sylvain Distin,5,5,Manchester City
24758,Michael Tarnat,6,18,Manchester City
38552,Joey Barton,10,24,Manchester City
38465,Claudio Reyna,13,6,Manchester City
19636,Paul Bosvelt,15,26,Manchester City
38551,Shaun Wright-Phillips,18,29,Manchester City
40217,Trevor Sinclair,20,28,Manchester City
15519,Nicolas Anelka,23,39,Manchester City
15407,Steve McManaman,,,Manchester City
15399,Robbie Fowler,,,Manchester City
20302,Gaël Clichy,6,0,Arsenal
40364,Roy Carroll,1,0,Manchester United
15402,Gary Neville,2,2,Manchester United
40366,Wes Brown,3,0,Manchester United
20341,Mikaël Silvestre,5,0,Manchester United
16890,John O''Shea,6,0,Manchester United
4022,Darren Fletcher,12,0,Manchester United
40365,Eric Daniel Djemba-Djemba,13,0,Manchester United
24805,Roy Keane,15,0,Manchester United
20175,Ryan Giggs,16,0,Manchester United
15666,Paul Scholes,19,0,Manchester United
19729,Ruud van Nistelrooy,23,0,Manchester United
15590,Ole Gunnar Solskjær,,,Manchester United
34390,Jerzy Dudek,1,0,Liverpool
34392,Steve Finnan,2,0,Liverpool
40254,Igor Bišćan,3,0,Liverpool
34389,Sami Hyypiä,5,0,Liverpool
34386,John Arne Semundseth Riise,6,0,Liverpool
40256,Salif Alassane Diao,9,0,Liverpool
19109,Steven Gerrard,11,0,Liverpool
40257,El-Hadji Ousseynou Diouf,12,9,Liverpool
15280,Vladimir Smicer,16,11,Liverpool
34391,Harry Kewell,22,0,Liverpool
15665,Michael Owen,24,10,Liverpool
7814,Anthony Le Tallec,,,Liverpool
15659,Emile Heskey,,,Liverpool
9845,John Welsh,,,Liverpool
40236,Ian Walker,1,1,Leicester City
40243,Frank Mohammed Sinclair,2,0,Leicester City
40241,Matt Heath,3,0,Leicester City
24798,Nikos Dabizas,5,0,Leicester City
40239,Jordan Stewart,6,0,Leicester City
15049,Billy McKinlay,9,0,Leicester City
40238,Lilian Nalis,11,0,Leicester City
15173,Steffen Freund,12,0,Leicester City
40237,James Scowcroft,16,0,Leicester City
40242,Marcus Bent,22,0,Leicester City
40240,Paul Dickov,24,0,Leicester City
40245,Paul Brooker,,,Leicester City
40235,Danny Coyne,1,,Arsenal
40244,Trevor Benjamin,,,Leicester City
15654,Martin Keown,,,Arsenal
38403,Shaka Hislop,1,1,Portsmouth
376517,John Curtis,2,33,Portsmouth
40339,Arjan de Zeeuw,3,6,Portsmouth
40340,Dejan Stefanovic,5,3,Portsmouth
4357,Matthew Taylor,6,14,Portsmouth
40343,Amdy Moustapha Faye,9,15,Portsmouth
40338,Nigel Quashie,11,11,Portsmouth
15505,Steve Stone,12,19,Portsmouth
376516,Richard Hughes,16,22,Portsmouth
40337,Yakubu Aiyegbeni,22,20,Portsmouth
376518,Trésor Lomana LuaLua,24,32,Portsmouth
376521,David Bentley,12,37,Arsenal
20331,Ivica Mornar,22,,Portsmouth
40271,Neil Sullivan,1,34,Chelsea
20257,William Gallas,3,13,Chelsea
20287,John Terry,5,26,Chelsea
20286,Scott Parker,13,19,Chelsea
11270,Eiður Smári Guðjohnsen,22,22,Chelsea
40385,Jussi Jääskeläinen,1,22,Bolton Wanderers
9353,Nicky Hunt,2,18,Bolton Wanderers
40383,Émerson Augusto Thome,3,26,Bolton Wanderers
40390,Simon Charlton,5,3,Bolton Wanderers
40391,Ricardo Wayne Gardner,6,11,Bolton Wanderers
40386,Iván Campo Ramos,10,16,Bolton Wanderers
21540,Kevin Nolan,12,4,Bolton Wanderers
40389,Per Frandsen,13,8,Bolton Wanderers
40384,"Augustine Azuka ""Jay-Jay"" Okocha",15,10,Bolton Wanderers
15073,Youri Djorkaeff,16,6,Bolton Wanderers
40388,Kevin Cyril Davies,23,14,Bolton Wanderers
40387,Henrik Pedersen,,,Bolton Wanderers
40392,Ibrahim Ba,,,Bolton Wanderers
40336,Sébastien Schemmel,2,28,Portsmouth
20402,Boris Živković,6,4,Portsmouth
15259,Patrik Berger,16,13,Portsmouth
15410,Teddy Sheringham,22,10,Portsmouth
20510,Alexei Gennadyevich Smertin,,,Portsmouth
40342,Jason Roberts,,,Portsmouth
40341,Tim Sherwood,22,,Arsenal
40438,Antti Mikko Niemi,1,14,Southampton
11009,Chris Baird,2,32,Southampton
40441,Michael Lennart Svensson,3,11,Southampton
40444,Fitz Hall,5,15,Southampton
40445,Danny Higginbotham,6,19,Southampton
40439,David Prutton,12,20,Southampton
40434,Paul Telfer,13,33,Southampton
40435,Rory Delap,15,18,Southampton
40440,Léandre Griffit,16,30,Southampton
40442,James Beattie,22,9,Southampton
40433,Kevin Phillips,24,7,Southampton
40437,Brett Ormerod,,,Southampton
40436,Darren Kenton,,,Southampton
40443,Neill McCann,,,Southampton
40132,Paul Robinson,1,0,Leeds United
40270,Gary Oliver Kelly,2,0,Leeds United
40263,Zoumana Camara,3,6,Leeds United
40265,José Vitor Roque Júnior,5,0,Leeds United
40268,René Salomon Olembé-Olembé,6,0,Leeds United
38557,David Batty,9,0,Leeds United
40266,Seth Johnson,11,0,Leeds United
26649,Jermaine Pennant,12,0,Leeds United
40269,Lamine Sakho,16,0,Leeds United
40267,Alan Smith,22,0,Leeds United
40264,Michael Bridges,24,0,Leeds United
3473,James Philip Milner,,,Leeds United
3953,Aaron Lennon,,,Leeds United
40402,Stuart Parnaby,2,21,Middlesbrough
40405,Colin Cooper,6,28,Middlesbrough
40404,Alan Wright,16,22,Middlesbrough
40403,Malcolm Christie,22,11,Middlesbrough
40406,Andrew Davies,,,Middlesbrough
38464,Brad Friedel,1,0,Blackburn Rovers
15272,Markus Babbel,2,0,Blackburn Rovers
40355,Andy Todd,3,0,Blackburn Rovers
40356,Craig Short,5,6,Blackburn Rovers
40353,Vratislav Greško,6,0,Blackburn Rovers
40357,Brett Emerton,12,0,Blackburn Rovers
15095,Tugay Kerimoğlu,13,0,Blackburn Rovers
40352,Barry Ferguson,15,0,Blackburn Rovers
40354,Lucas Neill,16,0,Blackburn Rovers
9003,Paul Gallagher,22,0,Blackburn Rovers
24766,Dwight Yorke,24,0,Blackburn Rovers
40358,Steven Reid,,,Blackburn Rovers
24767,Andy Cole,22,,Blackburn Rovers
15281,Dino Baggio,,,Blackburn Rovers
40393,"Bruno N""Gotty",3,5,Bolton Wanderers
19772,Stylianos Giannakopoulos,17,7,Bolton Wanderers
20446,Shay Given,1,1,Newcastle United
20059,Aaron Hughes,2,18,Newcastle United
40225,"Andy O""Brien",3,5,Newcastle United
38418,Jonathan Woodgate,5,27,Newcastle United
40233,Olivier Bernard,6,35,Newcastle United
40234,Jermaine Jenas,9,7,Newcastle United
24799,Gary Speed,11,11,Newcastle United
40229,Darren Ambrose,12,17,Newcastle United
40227,Laurent Robert,16,32,Newcastle United
40226,Craig Bellamy,22,10,Newcastle United
40231,Alan Shearer,24,9,Newcastle United
26010,Hugo Miguel Ferreira Gomes Viana,,,Newcastle United
40228,Lee Bowyer,,,Newcastle United
40292,Maik Taylor,1,0,Birmingham City
40293,Damien Johnson,2,0,Birmingham City
40296,Kenny Cunningham,3,0,Birmingham City
40300,Matthew Upson,5,0,Birmingham City
40298,Jamie Clapham,6,0,Birmingham City
40303,Aliou Cissé,13,0,Birmingham City
40290,Robbie Savage,15,0,Birmingham City
40297,Stephen Clemence,17,0,Birmingham City
40302,David Dunn,19,0,Birmingham City
40295,Stan Lazaridis,21,0,Birmingham City
40301,Mikael Forssell,23,0,Birmingham City
40299,Stern John,,,Birmingham City
40294,Bryan Hughes,,,Birmingham City
40291,Clinton Morrison,,,Birmingham City
24840,Justin Hoyte,16,,Birmingham City
34388,Jamie Carragher,2,23,Liverpool
38522,Dietmar Hamann,9,16,Liverpool
19735,Milan Baroš,,,Liverpool
38454,Danny Murphy,,,Liverpool
40370,Lucas Radebe,3,5,Leeds United
40369,Steven Caldwell,5,15,Leeds United
40368,Ian Harte,6,3,Leeds United
40371,Michael Duberry,13,22,Leeds United
39847,Dominic Matteo,15,21,Leeds United
40373,Mark Viduka,22,9,Leeds United
15400,Nick Barmby,,,Leeds United
40372,Simon Johnson,,,Leeds United
15409,David Seaman,1,1,Manchester City
40220,David Sommeil,3,0,Manchester City
40223,Antoine Sibierski,22,0,Manchester City
40219,Danny Tiatto,,,Manchester City
40216,Eyal Berkovic,,,Manchester City
40401,Ian Bennett,1,1,Birmingham City
40400,Olivier Tébily,3,26,Birmingham City
40395,Michael Gray,6,33,Blackburn Rovers
40398,Jonathan Douglas,12,26,Blackburn Rovers
40397,Martin Andresen,16,25,Blackburn Rovers
40396,Matt Jansen,24,10,Blackburn Rovers
40280,Richard Wright,1,0,Everton
40284,Alessandro Pistone,2,0,Everton
40288,Joseph Phillip Yobo,3,0,Everton
38558,Steve Watson,12,0,Everton
15513,Thomas Gravesen,15,0,Everton
40289,Mark Pembridge,16,0,Everton
40283,Nick Chadwick,24,0,Everton
40310,Michael Oakes,1,1,Wolverhampton Wanderers
40309,Oleg Luzhny,2,22,Wolverhampton Wanderers
15405,Paul Ince,10,8,Wolverhampton Wanderers
40308,Henri Camara,12,17,Wolverhampton Wanderers
40307,Shaun Newton,,,Wolverhampton Wanderers
40306,Dean Sturridge,,,Wolverhampton Wanderers
40378,Dean Kiely,1,1,Charlton Athletic
13808,Radostin Kishishev,2,2,Charlton Athletic
40381,Chris Perry,3,36,Charlton Athletic
40380,Mark Fish,5,6,Charlton Athletic
40377,Hermann Hreidarsson,6,12,Charlton Athletic
40379,Matt Holland,12,8,Charlton Athletic
20153,Claus Jensen,15,10,Charlton Athletic
40376,Graham Stuart,16,4,Charlton Athletic
40375,Paolo Di Canio,22,11,Charlton Athletic
40382,Jonatan Lillebror Johansson,24,21,Charlton Athletic
40374,Jason Joseph Euell,,,Charlton Athletic
20549,Jamal Julian Campbell-Ryce,24,,Arsenal
40230,Titus Malachi Bramble,3,0,Newcastle United
20326,Kieron Dyer,15,0,Newcastle United
40232,Shola Ameobi,,,Newcastle United
13042,Tim Howard,1,0,Manchester United
20171,Rio Ferdinand,3,0,Manchester United
15660,Phil Neville,13,3,Manchester United
40246,Quinton Fortune Kolobea,15,25,Manchester United
5207,Cristiano Ronaldo dos Santos Aveiro,18,0,Manchester United
26199,Diego Forlán Corazo,,,Manchester United
375888,Andy Impey,2,2,Leicester City
38569,Steve Howey,3,24,Leicester City
375887,Riccardo Scimeca,5,21,Leicester City
375889,Ben Thatcher,6,33,Leicester City
375890,Callum Davidson,11,14,Leicester City
38556,Leslie Ferdinand,24,9,Leicester City
375886,Craig Hignett,,,Leicester City
45969,Keith Gillespie,,,Leicester City
40421,Ian Pearce,3,35,Fulham
40422,Alain Goma,5,24,Fulham
40420,Carlos Manuel Bocanegra,6,34,Fulham
40423,Martin Djetou,12,17,Fulham
40424,Luís Boa Morte Pereira,23,11,Fulham
38466,Brian McBride,,,Fulham
40425,Collins John,,,Fulham
377676,Stephen Crainey,6,6,Southampton
20193,Anders Svensson,9,12,Southampton
377674,Graeme Le Saux,16,3,Southampton
19857,Marians Pahars,15,,Southampton
40416,Luke Young,2,19,Charlton Athletic
40417,Jonathan Fortune,5,24,Charlton Athletic
40418,Carlton Cole Okirie,22,35,Charlton Athletic
43728,Óscar Mingueza García,2,28,Barcelona
6947,Miralem Pjanić,10,8,Barcelona
30486,Pedro González López,15,16,Barcelona
22390,Francisco António Machado Mota de Castro Trincão,17,17,Barcelona
24165,Edgar Badía Guardiola,1,13,Elche
6663,Antonio Barragán Fernández,3,19,Elche
24169,Gonzalo Cacicedo Verdú,4,5,Elche
9857,José Manuel Sánchez Guillén,5,24,Elche
7897,Miguel Ángel Garrido Cifuentes,7,23,Elche
5691,Johan Andrés Mojica Palacio,8,25,Elche
24517,José Raúl Gutiérrez Parejo,13,14,Elche
18783,Omenuke Mfulu,15,6,Elche
12072,Pere Milla Peña,17,10,Elche
15880,Emiliano Ariel Rigoni,21,22,Elche
7064,Lucas Ariel Boyé,23,9,Elche
23825,Fidel Chaves de la Torre,,,Elche
24251,José Antonio Morente Oliva,,,Elche
24166,Juan Francisco Martínez Modesto,,,Elche
21881,Sergino Dest,,,Barcelona
34323,Luis Miguel Sánchez Benítez,,,Elche
35473,Unai Vencedor Paris,9,27,Athletic Club
7478,Alejandro Berenguer Remiro,,,Athletic Club
47226,Jon Morcillo Conesa,,,Athletic Club
25598,Álvaro Fernández Llorente,1,1,Huesca
21399,Pablo Ínsua Blanco,5,4,Huesca
6564,Pablo Maffeo Becerra,7,3,Huesca
23322,Javier Galán Gil,8,11,Huesca
23307,Idrissa Doumbia,10,2,Huesca
11670,David Ferreiro Quiroga,13,7,Huesca
6656,Mikel Rico Moreno,15,17,Huesca
24681,Daniel Escriche Romero,22,23,Huesca
23812,Rafael Mir Vicente,24,9,Huesca
30483,Jaime Seoane Valenciano,,,Huesca
22199,Sergio Gómez Martín,,,Huesca
39073,Moriba Kourouma Kourouma,,,Barcelona
16298,Denis Vavro,,,Huesca
6787,Pedro López Muñoz,,,Huesca
4267,Mouctar Diakhaby,5,12,Valencia
38792,Yunus Dimoara Musah,12,30,Valencia
24267,Uroš Račić,15,19,Valencia
25005,Alejandro Blanco Sánchez,,,Valencia
23978,Manuel Javier Vallejo Galván,,,Valencia
22740,Kang-In Lee,,,Valencia
3093,Florian Grégoire Claude Lejeune,5,22,Deportivo Alavés
10605,Rodrigo Andrés Battaglia,10,6,Deportivo Alavés
9462,José Ignacio Peleteiro Ramallo,15,24,Deportivo Alavés
25134,Deyverson Brum Silva Acosta,23,14,Deportivo Alavés
31779,Tomas Franco Tavares,12,,Barcelona
32673,Jorge De Frutos Sebastián,12,18,Levante UD
23966,Mickaël Malsa,,,Levante UD
30593,Daniel Gómez Alcón,24,,Levante UD
41202,Giorgi Kochorashvili,,,Levante UD
29198,Jeremías Ledesma,1,1,Cádiz
24322,Isaac Carcelén Valencia,2,20,Cádiz
23934,Rafael Jiménez Jarque,3,3,Cádiz
24593,Marcos Mauro López Gutiérrez,5,4,Cádiz
24616,Luis Alfonso Espino García,6,22,Cádiz
24712,Jon Ander Garrido Moracia,10,5,Cádiz
23973,Salvador Sánchez Ponce,12,7,Cádiz
23811,Alberto Perea Correoso,15,10,Cádiz
23971,Jairo Izquierdo González,16,25,Cádiz
20542,Álvaro Negredo Sánchez,23,18,Cádiz
23970,José María Martín-Bejarano Serrano,,,Cádiz
23967,Alejandro Fernández Iglesias,,,Cádiz
6908,Iván Alejo Peralta,,,Cádiz
30370,Jens Jønsson,,,Cádiz
2961,Yann Bodiger,13,12,Cádiz
24053,Álvaro Giménez Candela,23,21,Cádiz
19668,Augusto Matías Fernández,,,Cádiz
31914,Omobolaji Habeeb Adekanye,16,,Cádiz
40890,Iván Villar Martínez,1,1,Celta Vigo
75546,Carlos Domínguez Cáceres,5,40,Celta Vigo
6757,Aarón Martín Caricol,6,19,Celta Vigo
28658,Augusto Jorge Mateo Solari,16,,Celta Vigo
39598,Miguel Baeza Pérez,,,Celta Vigo
117025,Hugo Sotelo,,,Celta Vigo
35000,José Manuel Fontán Mondragón,8,29,Celta Vigo
5523,Renato Fabrizio Tapia Cortijo,10,14,Celta Vigo
47447,Gabriel Veiga Novas,13,31,Celta Vigo
6803,Emre Mor,22,11,Celta Vigo
6872,Bruno González Cabrera,3,6,Real Valladolid
3417,Saidy Janko,7,18,Real Valladolid
31235,Marcos André de Sousa Mendonça,,,Real Valladolid
4691,Claudio Andrés Bravo Muñoz,1,25,Real Betis
6880,Arnaldo Antonio Sanabria Ayala,23,19,Real Betis
41083,Rodrigo Sánchez Rodriguez,,,Real Betis
13620,Éder Gabriel Militão,3,3,Real Madrid
5202,José Ignacio Fernández Iglesias,5,6,Real Madrid
6689,Álvaro Odriozola Arzallus,2,,Barcelona
24921,Martín Zubimendi Ibáñez,10,36,Real Sociedad
47375,Robert Navarro Muñoz,,,Real Sociedad
10709,Modibo Sagnan,,,Real Sociedad
30760,Borja Sainz Eguskiza,,,Deportivo Alavés
23949,Unai García Lugea,3,4,Osasuna
6830,Facundo Sebastián Roncaglia,6,12,Osasuna
23943,Rubén García Santos,22,14,Osasuna
24172,Álvaro Juan Cruz Armada,16,,Barcelona
6733,Pedro Mosquera Parada,13,5,Huesca
24055,Juan Carlos Real Ruiz,,,Huesca
3810,Shinji Okazaki,17,,Huesca
24272,Luis Milla Manzanares,,,Granada
24093,Luis Javier Suárez Charris,,,Granada
6893,Jesús Vallejo Lázaro,,,Granada
24037,Alberto Soro Álvarez,,,Granada
23627,João Pedro Neves Filipe,12,40,Real Valladolid
29310,Shon Zalman Weissman,22,9,Real Valladolid
25704,Aarón Escandell Banacloche,1,13,Granada
30081,Nehuén Pérez,5,3,Granada
24138,Joaquín José Marín Ruiz,8,17,Granada
24136,Federico Vico Villegas,,,Granada
6786,David Timor Copoví,11,,Barcelona
23211,Víctor Mollejo Carpintero,,,Getafe
23212,Martín Merquelanz Castellanos,8,17,Real Sociedad
6718,Sergio Escudero Palomo,6,18,Sevilla
7006,Alejandro Darío Gómez,17,24,Sevilla
8572,Karim Rekik,,,Sevilla
42282,Paul Edgar Akouokou,9,4,Real Betis
30492,Francisco Javier Hidalgo Gómez,,,Levante UD
35287,Sofian Chakla,5,21,Getafe
6681,José Manuel Rodríguez Benito,10,6,Getafe
71519,Juan Antonio Iglesias Sánchez,17,29,Getafe
41107,Sabit Abdulai,,,Getafe
79498,Amankwaa Akurugu,,,Getafe
105762,José Antonio Miranda Boacho,,,Getafe
33339,Manuel Sánchez De La Peña,6,39,Osasuna
12419,Lucas Torró Marset,9,24,Osasuna
19597,Marcos Javier Acuña,6,19,Sevilla
21081,Juan Marcos Foyth,2,8,Villarreal
3721,Etienne Capoue,13,25,Villarreal
50494,Yeremi Jesús Pino Santos,,,Villarreal
35641,Hugo Guillamón Sanmartín,4,15,Valencia
22107,Thierry Rendall Correia,7,2,Valencia
31931,Christian Gabriel Oliva Giménez,,,Valencia
